,solver,instance,vertices,edges,propagating_vertices,omega,variables,constraints,run,lower_bound,upper_bound,gap,result,nodes,t_solver,callbacks,t_callback,lazy_constraints
0,brimkov-outp,../inputs/case145.graphml,145,422,71,13,844,2645,4,18.0,18,0.0,Optimal,1,216464,0,0,0
1,brimkov-outp,../inputs/case24_ieee_rts.graphml,24,34,4,2,110,87,3,7.0,7,0.0,Optimal,1,2961,0,0,0
2,brimkov-outp,../inputs/case_GB2224.graphml,2224,2804,1367,4,10129,20169,0,359.0,359,0.0,Optimal,1664,35411901,0,0,0
3,brimkov-outp,../inputs/case9.graphml,9,9,4,1,43,47,4,3.0,3,0.0,Optimal,1,2074,0,0,0
4,brimkov-outp,../inputs/case1354pegase.graphml,1354,1710,422,7,4207,6643,2,313.0,313,0.0,Optimal,1,179165,0,0,0
5,brimkov-outp,../inputs/case300.graphml,300,409,66,9,817,1123,1,72.0,72,0.0,Optimal,1,20693,0,0,0
6,brimkov-outp,../inputs/case3012wp.graphml,3012,3566,726,3,9995,11533,1,780.0,780,0.0,Optimal,1784,14920585,0,0,0
7,brimkov-outp,../inputs/case1888rte.graphml,1888,2308,681,8,6300,12106,4,375.0,375,0.0,Optimal,1,522507,0,0,0
8,brimkov-outp,../inputs/case1354pegase.graphml,1354,1710,422,8,4103,6630,4,311.0,311,0.0,Optimal,1,115881,0,0,0
9,brimkov-outp,../inputs/case2736sp.graphml,2736,3265,645,1,13421,12614,1,1204.0,1204,0.0,Optimal,2112,4172814,0,0,0
10,brimkov-outp,../inputs/case11_iwamoto.graphml,11,11,6,2,47,63,4,2.0,2,0.0,Optimal,1,1094,0,0,0
11,brimkov-outp,../inputs/case9.graphml,9,9,4,0,46,50,0,5.0,5,0.0,Optimal,1,3403,0,0,0
12,brimkov-outp,../inputs/case_iceland118.graphml,189,203,110,8,652,1297,2,39.0,39,0.0,Optimal,1,18037,0,0,0
13,brimkov-outp,../inputs/case_iceland118.graphml,189,203,110,1,970,1398,4,83.0,83,0.0,Optimal,1,39581,0,0,0
14,brimkov-outp,../inputs/case96rts.graphml,73,108,9,1,389,254,2,33.0,33,0.0,Optimal,1,10520,0,0,0
15,brimkov-outp,../inputs/case24_ieee_rts.graphml,24,34,4,3,83,78,3,6.0,6,0.0,Optimal,1,2274,0,0,0
16,brimkov-outp,../inputs/case_GB2224.graphml,2224,2804,1367,7,9076,19989,0,326.0,326,0.0,Optimal,4891,45793028,0,0,0
17,brimkov-outp,../inputs/case5.graphml,5,6,0,3,10,5,4,2.0,2,0.0,Optimal,0,231,0,0,0
18,brimkov-outp,../inputs/case2746wop.graphml,2746,3300,709,7,7642,10697,3,677.0,677,0.0,Optimal,1,637211,0,0,0
19,brimkov-outp,../inputs/case1951rte.graphml,1951,2375,651,2,8898,13030,1,616.0,616,0.0,Optimal,49,3804189,0,0,0
20,brimkov-outp,../inputs/case_iceland118.graphml,189,203,110,0,1058,1486,1,96.0,96,0.0,Optimal,1,30712,0,0,0
21,brimkov-outp,../inputs/case300.graphml,300,409,66,2,1403,1277,4,94.0,94,0.0,Optimal,271,293377,0,0,0
22,brimkov-outp,../inputs/case_south_carolina500.graphml,500,584,211,8,1893,4685,0,76.0,76,0.0,Optimal,1,100398,0,0,0
23,brimkov-outp,../inputs/case2383wp.graphml,2383,2886,552,6,6789,9661,2,594.0,594,0.0,Optimal,1,755138,0,0,0
24,brimkov-outp,../inputs/case_GBreduced29.graphml,29,50,0,5,64,30,1,7.0,7,0.0,Optimal,1,1333,0,0,0
25,brimkov-outp,../inputs/case9.graphml,9,9,4,0,46,50,4,5.0,5,0.0,Optimal,1,1469,0,0,0
26,brimkov-outp,../inputs/case_iceland118.graphml,189,203,110,2,886,1356,1,52.0,52,0.0,Optimal,1,62533,0,0,0
27,brimkov-outp,../inputs/case2869pegase.graphml,2869,3968,869,10,8530,14185,4,612.0,612,0.0,Optimal,1,444591,0,0,0
28,brimkov-outp,../inputs/case2746wp.graphml,2746,3274,704,4,8585,10717,4,690.0,690,0.0,Optimal,1,1635955,0,0,0
29,brimkov-outp,../inputs/case_GB2224.graphml,2224,2804,1367,5,9754,20094,3,338.0,338,0.0,Optimal,1618,21718178,0,0,0
30,brimkov-outp,../inputs/case57.graphml,57,78,15,4,181,191,0,12.0,12,0.0,Optimal,1,10324,0,0,0
31,brimkov-outp,../inputs/case_illinois200.graphml,200,245,44,0,1074,1348,0,156.0,156,0.0,Optimal,1,16152,0,0,0
32,brimkov-outp,../inputs/case3375wp.graphml,3374,4068,889,5,10292,14534,0,821.0,821,0.0,Optimal,3013,12521131,0,0,0
33,brimkov-outp,../inputs/case14.graphml,14,20,2,4,38,30,0,3.0,3,0.0,Optimal,0,1735,0,0,0
34,brimkov-outp,../inputs/case1354pegase.graphml,1354,1710,422,5,4718,6724,1,322.0,322,0.0,Optimal,1,295587,0,0,0
35,brimkov-outp,../inputs/case2848rte.graphml,2848,3442,1023,0,15831,21654,3,1869.0,1869,0.0,Optimal,4284,13161787,0,0,0
36,brimkov-outp,../inputs/case4gs.graphml,4,4,0,1,16,8,1,2.0,2,0.0,Optimal,1,491,0,0,0
37,brimkov-outp,../inputs/case_Texas.graphml,2000,2667,376,13,5719,12077,3,411.0,411,0.0,Optimal,617,4066115,0,0,0
38,brimkov-outp,../inputs/case300.graphml,300,409,66,4,983,1151,1,76.0,76,0.0,Optimal,1,55639,0,0,0
39,brimkov-outp,../inputs/case_ieee30.graphml,30,41,7,3,119,149,2,7.0,7,0.0,Optimal,1,4822,0,0,0
40,brimkov-outp,../inputs/case2746wop.graphml,2746,3300,709,6,7817,10722,2,678.0,678,0.0,Optimal,1,1030592,0,0,0
41,brimkov-outp,../inputs/case1888rte.graphml,1888,2308,681,7,6468,12127,4,377.0,377,0.0,Optimal,1,554731,0,0,0
42,brimkov-outp,../inputs/case2746wop.graphml,2746,3300,709,6,7817,10722,3,678.0,678,0.0,Optimal,1,1033829,0,0,0
43,brimkov-outp,../inputs/case118.graphml,118,179,11,9,276,297,2,29.0,29,0.0,Optimal,1,6015,0,0,0
44,brimkov-outp,../inputs/case_south_carolina500.graphml,500,584,211,4,2180,4734,0,89.0,89,0.0,Optimal,489,1215399,0,0,0
45,brimkov-outp,../inputs/case_GBreduced29.graphml,29,50,0,4,89,35,3,7.0,7,0.0,Optimal,1,1948,0,0,0
46,brimkov-outp,../inputs/case3012wp.graphml,3012,3566,726,9,8114,11147,0,755.0,755,0.0,Optimal,1,520977,0,0,0
47,brimkov-outp,../inputs/case14.graphml,14,20,2,4,38,30,4,3.0,3,0.0,Optimal,0,549,0,0,0
48,brimkov-outp,../inputs/case1951rte.graphml,1951,2375,651,13,6082,12417,3,393.0,393,0.0,Optimal,1,392949,0,0,0
49,brimkov-outp,../inputs/case2869pegase.graphml,2869,3968,869,4,11032,14585,4,662.0,662,0.0,Optimal,1784,16067616,0,0,0
50,brimkov-outp,../inputs/case1951rte.graphml,1951,2375,651,5,7281,12577,1,417.0,417,0.0,Optimal,3028,6218884,0,0,0
51,brimkov-outp,../inputs/case2869pegase.graphml,2869,3968,869,9,8740,14206,0,612.0,612,0.0,Optimal,1,529503,0,0,0
52,brimkov-outp,../inputs/case89pegase.graphml,89,206,43,5,557,661,4,14.0,14,0.0,Optimal,1,39056,0,0,0
53,brimkov-outp,../inputs/case30.graphml,30,41,7,5,94,124,2,6.0,6,0.0,Optimal,1,2592,0,0,0
54,brimkov-outp,../inputs/case1888rte.graphml,1888,2308,681,14,5923,12068,0,375.0,375,0.0,Optimal,1,294667,0,0,0
55,brimkov-outp,../inputs/case6468rte.graphml,6468,8065,2384,0,36499,48149,1,4204.0,4204,0.0,Optimal,1674,49111100,0,0,0
56,brimkov-outp,../inputs/case1951rte.graphml,1951,2375,651,11,6169,12424,3,393.0,393,0.0,Optimal,1,422786,0,0,0
57,brimkov-outp,../inputs/case2869pegase.graphml,2869,3968,869,6,9560,14313,3,620.0,620,0.0,Optimal,1,946476,0,0,0
58,brimkov-outp,../inputs/case3120sp.graphml,3120,3684,798,2,12071,12802,1,881.0,881,0.0,Optimal,1649,32693906,0,0,0
59,brimkov-outp,../inputs/case96rts.graphml,73,108,9,5,175,183,0,19.0,19,0.0,Optimal,1,6213,0,0,0
60,brimkov-outp,../inputs/case1888rte.graphml,1888,2308,681,2,8750,12694,1,570.0,570,0.0,Optimal,2478,10944612,0,0,0
61,brimkov-outp,../inputs/case1888rte.graphml,1888,2308,681,4,7459,12298,1,416.0,416,0.0,Optimal,4987,12091343,0,0,0
62,brimkov-outp,../inputs/case2869pegase.graphml,2869,3968,869,3,12092,14850,3,730.0,730,0.0,Optimal,2193,25997166,0,0,0
63,brimkov-outp,../inputs/case1951rte.graphml,1951,2375,651,3,8085,12759,3,499.0,499,0.0,Optimal,2157,7574730,0,0,0
64,brimkov-outp,../inputs/case_Texas.graphml,2000,2667,376,7,6133,12119,0,432.0,432,0.0,Optimal,3145,11905526,0,0,0
65,brimkov-outp,../inputs/case2737sop.graphml,2737,3266,655,2,10597,11234,1,779.0,779,0.0,Optimal,1639,32269754,0,0,0
66,brimkov-outp,../inputs/case3012wp.graphml,3012,3566,726,3,9995,11533,2,780.0,780,0.0,Optimal,1784,14945252,0,0,0
67,brimkov-outp,../inputs/case_GB2224.graphml,2224,2804,1367,3,10617,20291,3,410.0,410,0.0,Optimal,2039,35940751,0,0,0
68,brimkov-outp,../inputs/case2848rte.graphml,2848,3442,1023,6,10167,18953,4,593.0,593,0.0,Optimal,734,3734838,0,0,0
69,brimkov-outp,../inputs/case3375wp.graphml,3374,4068,889,8,9524,14417,1,816.0,816,0.0,Optimal,1,745995,0,0,0
70,brimkov-outp,../inputs/case1354pegase.graphml,1354,1710,422,8,4103,6630,2,311.0,311,0.0,Optimal,1,115807,0,0,0
71,brimkov-outp,../inputs/case1354pegase.graphml,1354,1710,422,12,3888,6608,3,311.0,311,0.0,Optimal,1,89683,0,0,0
72,brimkov-outp,../inputs/case1888rte.graphml,1888,2308,681,1,9804,13221,3,864.0,864,0.0,Optimal,1,748498,0,0,0
73,brimkov-outp,../inputs/case145.graphml,145,422,71,9,950,2654,3,18.0,18,0.0,Optimal,648,889372,0,0,0
74,brimkov-outp,../inputs/case89pegase.graphml,89,206,43,1,696,711,1,34.0,34,0.0,Optimal,1,31261,0,0,0
75,brimkov-outp,../inputs/case3375wp.graphml,3374,4068,889,7,9660,14434,3,816.0,816,0.0,Optimal,1,1784656,0,0,0
76,brimkov-outp,../inputs/case1888rte.graphml,1888,2308,681,11,6010,12075,3,375.0,375,0.0,Optimal,1,342785,0,0,0
77,brimkov-outp,../inputs/case2737sop.graphml,2737,3266,655,7,7507,10416,3,683.0,683,0.0,Optimal,1,497932,0,0,0
78,brimkov-outp,../inputs/case_Texas.graphml,2000,2667,376,4,6799,12242,2,490.0,490,0.0,Optimal,30263,214676911,0,0,0
79,brimkov-outp,../inputs/case_GBreduced29.graphml,29,50,0,0,158,58,0,29.0,29,0.0,Optimal,0,1592,0,0,0
80,brimkov-outp,../inputs/case_south_carolina500.graphml,500,584,211,10,1865,4682,3,75.0,75,0.0,Optimal,1,63512,0,0,0
81,brimkov-outp,../inputs/case118.graphml,118,179,11,2,515,352,2,37.0,37,0.0,Optimal,1,29525,0,0,0
82,brimkov-outp,../inputs/case6ww.graphml,6,11,1,0,37,22,1,5.0,5,0.0,Optimal,1,1136,0,0,0
83,brimkov-outp,../inputs/case_GB2224.graphml,2224,2804,1367,4,10129,20169,4,359.0,359,0.0,Optimal,1664,35344609,0,0,0
84,brimkov-outp,../inputs/case2736sp.graphml,2736,3265,645,9,7376,10363,4,682.0,682,0.0,Optimal,1,468330,0,0,0
85,brimkov-outp,../inputs/case11_iwamoto.graphml,11,11,6,0,59,71,4,5.0,5,0.0,Optimal,1,1776,0,0,0
86,brimkov-outp,../inputs/case2848rte.graphml,2848,3442,1023,0,15831,21654,4,1869.0,1869,0.0,Optimal,4284,13166574,0,0,0
87,brimkov-outp,../inputs/case3012wp.graphml,3012,3566,726,5,8677,11232,4,758.0,758,0.0,Optimal,189,1598570,0,0,0
88,brimkov-outp,../inputs/case_GB2224.graphml,2224,2804,1367,1,13419,21456,1,821.0,821,0.0,Optimal,1891,26809845,0,0,0
89,brimkov-outp,../inputs/case_Texas.graphml,2000,2667,376,15,5705,12076,0,411.0,411,0.0,Optimal,1079,5774856,0,0,0
90,brimkov-outp,../inputs/case1951rte.graphml,1951,2375,651,13,6082,12417,4,393.0,393,0.0,Optimal,1,389528,0,0,0
91,brimkov-outp,../inputs/case57.graphml,57,78,15,3,209,198,1,12.0,12,0.0,Optimal,1,11494,0,0,0
92,brimkov-outp,../inputs/case89pegase.graphml,89,206,43,14,328,638,4,13.0,13,0.0,Optimal,1,11223,0,0,0
93,brimkov-outp,../inputs/case2868rte.graphml,2868,3471,983,9,9259,19218,1,598.0,598,0.0,Optimal,1,765700,0,0,0
94,brimkov-outp,../inputs/case96rts.graphml,73,108,9,4,205,189,3,19.0,19,0.0,Optimal,1,8163,0,0,0
95,brimkov-outp,../inputs/case89pegase.graphml,89,206,43,4,582,666,3,15.0,15,0.0,Optimal,1,36507,0,0,0
96,brimkov-outp,../inputs/case_GB2224.graphml,2224,2804,1367,7,9076,19989,1,326.0,326,0.0,Optimal,4891,45759555,0,0,0
97,brimkov-outp,../inputs/case1888rte.graphml,1888,2308,681,6,6755,12168,3,382.0,382,0.0,Optimal,1,708141,0,0,0
98,brimkov-outp,../inputs/case14.graphml,14,20,2,0,73,43,0,12.0,12,0.0,Optimal,1,3109,0,0,0
99,brimkov-outp,../inputs/case145.graphml,145,422,71,2,1365,2732,2,35.0,35,0.0,Optimal,1481,896082,0,0,0
100,brimkov-outp,../inputs/case5.graphml,5,6,0,0,22,10,4,5.0,5,0.0,Optimal,0,232,0,0,0
101,brimkov-outp,../inputs/case2848rte.graphml,2848,3442,1023,2,13103,19740,3,862.0,862,0.0,Optimal,1780,20990661,0,0,0
102,brimkov-outp,../inputs/case145.graphml,145,422,71,2,1365,2732,3,35.0,35,0.0,Optimal,1481,889939,0,0,0
103,brimkov-outp,../inputs/case2848rte.graphml,2848,3442,1023,6,10167,18953,1,593.0,593,0.0,Optimal,734,3740386,0,0,0
104,brimkov-outp,../inputs/case2848rte.graphml,2848,3442,1023,13,8975,18808,3,585.0,585,0.0,Optimal,1,538951,0,0,0
105,brimkov-outp,../inputs/case9.graphml,9,9,4,3,28,41,0,2.0,2,0.0,Optimal,1,3147,0,0,0
106,brimkov-outp,../inputs/case2383wp.graphml,2383,2886,552,7,6614,9636,0,594.0,594,0.0,Optimal,1,360333,0,0,0
107,brimkov-outp,../inputs/case2868rte.graphml,2868,3471,983,2,13113,20109,1,882.0,882,0.0,Optimal,1759,23127247,0,0,0
108,brimkov-outp,../inputs/case300.graphml,300,409,66,5,913,1137,0,75.0,75,0.0,Optimal,1,37773,0,0,0
109,brimkov-outp,../inputs/case_Texas.graphml,2000,2667,376,10,5863,12089,4,413.0,413,0.0,Optimal,112,2453305,0,0,0
110,brimkov-outp,../inputs/case145.graphml,145,422,71,5,1218,2691,1,20.0,20,0.0,Optimal,2017,1575299,0,0,0
111,brimkov-outp,../inputs/case145.graphml,145,422,71,10,950,2654,0,18.0,18,0.0,Optimal,409,593483,0,0,0
112,brimkov-outp,../inputs/case5.graphml,5,6,0,0,22,10,0,5.0,5,0.0,Optimal,0,1337,0,0,0
113,brimkov-outp,../inputs/case33bw.graphml,33,32,1,3,67,35,3,11.0,11,0.0,Optimal,0,455,0,0,0
114,brimkov-outp,../inputs/case2746wp.graphml,2746,3274,704,2,10715,11361,2,775.0,775,0.0,Optimal,3028,23356631,0,0,0
115,brimkov-outp,../inputs/case2848rte.graphml,2848,3442,1023,11,9083,18817,1,585.0,585,0.0,Optimal,1,674105,0,0,0
116,brimkov-outp,../inputs/case3012wp.graphml,3012,3566,726,0,15236,14158,0,2293.0,2293,0.0,Optimal,1,362573,0,0,0
117,brimkov-outp,../inputs/case1951rte.graphml,1951,2375,651,5,7281,12577,4,417.0,417,0.0,Optimal,3028,6219766,0,0,0
118,brimkov-outp,../inputs/case145.graphml,145,422,71,3,1287,2706,1,27.0,27,0.0,Optimal,182,1070157,0,0,0
119,brimkov-outp,../inputs/case2736sp.graphml,2736,3265,645,2,10583,11195,0,776.0,776,0.0,Optimal,1591,19635976,0,0,0
120,brimkov-outp,../inputs/case_GB2224.graphml,2224,2804,1367,1,13419,21456,4,821.0,821,0.0,Optimal,1891,26882697,0,0,0
121,brimkov-outp,../inputs/case_Texas.graphml,2000,2667,376,1,10567,13619,3,939.0,939,0.0,Optimal,3541,10515611,0,0,0
122,brimkov-outp,../inputs/case_Texas.graphml,2000,2667,376,6,6231,12133,4,444.0,444,0.0,Optimal,1490,7936671,0,0,0
123,brimkov-outp,../inputs/case3120sp.graphml,3120,3684,798,9,8502,11864,3,768.0,768,0.0,Optimal,1,727677,0,0,0
124,brimkov-outp,../inputs/case_illinois200.graphml,200,245,44,2,892,1221,0,68.0,68,0.0,Optimal,1,55757,0,0,0
125,brimkov-outp,../inputs/case_GB2224.graphml,2224,2804,1367,12,8533,19929,2,322.0,322,0.0,Optimal,8009,20406403,0,0,0
126,brimkov-outp,../inputs/case300.graphml,300,409,66,10,817,1123,3,72.0,72,0.0,Optimal,1,20553,0,0,0
127,brimkov-outp,../inputs/case2736sp.graphml,2736,3265,645,3,9242,10748,2,702.0,702,0.0,Optimal,2062,11594028,0,0,0
128,brimkov-outp,../inputs/case2848rte.graphml,2848,3442,1023,0,15831,21654,2,1869.0,1869,0.0,Optimal,4284,13152801,0,0,0
129,brimkov-outp,../inputs/case3375wp.graphml,3374,4068,889,2,13601,15479,3,948.0,948,0.0,Optimal,68890,672340989,0,0,0
130,brimkov-outp,../inputs/case_illinois200.graphml,200,245,44,7,613,1151,1,40.0,40,0.0,Optimal,1,21832,0,0,0
131,brimkov-outp,../inputs/case1888rte.graphml,1888,2308,681,9,6084,12082,2,375.0,375,0.0,Optimal,1,402403,0,0,0
132,brimkov-outp,../inputs/case2848rte.graphml,2848,3442,1023,4,11106,19126,3,637.0,637,0.0,Optimal,2834,15978728,0,0,0
133,brimkov-outp,../inputs/case_Texas.graphml,2000,2667,376,16,5689,12075,2,411.0,411,0.0,Optimal,685,4040087,0,0,0
134,brimkov-outp,../inputs/case96rts.graphml,73,108,9,2,333,226,3,22.0,22,0.0,Optimal,1,17133,0,0,0
135,brimkov-outp,../inputs/case_Texas.graphml,2000,2667,376,7,6133,12119,2,432.0,432,0.0,Optimal,3145,11901689,0,0,0
136,brimkov-outp,../inputs/case11_iwamoto.graphml,11,11,6,1,55,67,4,4.0,4,0.0,Optimal,1,1969,0,0,0
137,brimkov-outp,../inputs/case145.graphml,145,422,71,10,950,2654,1,18.0,18,0.0,Optimal,409,593028,0,0,0
138,brimkov-outp,../inputs/case1888rte.graphml,1888,2308,681,14,5923,12068,1,375.0,375,0.0,Optimal,1,287794,0,0,0
139,brimkov-outp,../inputs/case2868rte.graphml,2868,3471,983,4,11166,19517,0,655.0,655,0.0,Optimal,3335,14983808,0,0,0
140,brimkov-outp,../inputs/case39.graphml,39,46,10,0,202,192,3,29.0,29,0.0,Optimal,1,3289,0,0,0
141,brimkov-outp,../inputs/case24_ieee_rts.graphml,24,34,4,2,110,87,1,7.0,7,0.0,Optimal,1,3202,0,0,0
142,brimkov-outp,../inputs/case6ww.graphml,6,11,1,5,15,16,4,1.0,1,0.0,Optimal,0,324,0,0,0
143,brimkov-outp,../inputs/case_GBreduced29.graphml,29,50,0,6,58,29,2,7.0,7,0.0,Optimal,1,1236,0,0,0
144,brimkov-outp,../inputs/case118.graphml,118,179,11,3,458,333,2,31.0,31,0.0,Optimal,1,53810,0,0,0
145,brimkov-outp,../inputs/case_illinois200.graphml,200,245,44,3,799,1190,2,57.0,57,0.0,Optimal,1,90081,0,0,0
146,brimkov-outp,../inputs/case2746wop.graphml,2746,3300,709,4,8658,10880,1,683.0,683,0.0,Optimal,3891,10428616,0,0,0
147,brimkov-outp,../inputs/case2746wp.graphml,2746,3274,704,1,13559,12783,1,1194.0,1194,0.0,Optimal,2077,5160792,0,0,0
148,brimkov-outp,../inputs/case300.graphml,300,409,66,8,826,1124,3,72.0,72,0.0,Optimal,1,21961,0,0,0
149,brimkov-outp,../inputs/case2869pegase.graphml,2869,3968,869,0,16202,17033,2,2063.0,2063,0.0,Optimal,1,658209,0,0,0
150,brimkov-outp,../inputs/case5.graphml,5,6,0,1,22,10,2,3.0,3,0.0,Optimal,1,710,0,0,0
151,brimkov-outp,../inputs/case3120sp.graphml,3120,3684,798,7,8613,11877,2,768.0,768,0.0,Optimal,211,1266692,0,0,0
152,brimkov-outp,../inputs/case2868rte.graphml,2868,3471,983,14,9010,19196,4,598.0,598,0.0,Optimal,1,588807,0,0,0
153,brimkov-outp,../inputs/case3012wp.graphml,3012,3566,726,7,8222,11160,2,755.0,755,0.0,Optimal,1,489360,0,0,0
154,brimkov-outp,../inputs/case_iceland118.graphml,189,203,110,6,690,1302,3,39.0,39,0.0,Optimal,1,25778,0,0,0
155,brimkov-outp,../inputs/case1951rte.graphml,1951,2375,651,5,7281,12577,2,417.0,417,0.0,Optimal,3028,6211114,0,0,0
156,brimkov-outp,../inputs/case300.graphml,300,409,66,6,877,1131,0,74.0,74,0.0,Optimal,1,33199,0,0,0
157,brimkov-outp,../inputs/case33bw.graphml,33,32,1,1,126,63,4,17.0,17,0.0,Optimal,0,825,0,0,0
158,brimkov-outp,../inputs/case3375wp.graphml,3374,4068,889,4,10922,14660,4,829.0,829,0.0,Optimal,1764,15773888,0,0,0
159,brimkov-outp,../inputs/case57.graphml,57,78,15,5,166,188,4,12.0,12,0.0,Optimal,1,7929,0,0,0
160,brimkov-outp,../inputs/case1888rte.graphml,1888,2308,681,12,5950,12070,0,375.0,375,0.0,Optimal,1,351421,0,0,0
161,brimkov-outp,../inputs/case39.graphml,39,46,10,3,127,157,0,9.0,9,0.0,Optimal,1,5670,0,0,0
162,brimkov-outp,../inputs/case_illinois200.graphml,200,245,44,0,1074,1348,2,156.0,156,0.0,Optimal,1,13790,0,0,0
163,brimkov-outp,../inputs/case30.graphml,30,41,7,1,160,149,4,13.0,13,0.0,Optimal,1,4751,0,0,0
164,brimkov-outp,../inputs/case96rts.graphml,73,108,9,2,333,226,4,22.0,22,0.0,Optimal,1,16938,0,0,0
165,brimkov-outp,../inputs/case30.graphml,30,41,7,2,130,134,1,8.0,8,0.0,Optimal,1,4352,0,0,0
166,brimkov-outp,../inputs/case2848rte.graphml,2848,3442,1023,0,15831,21654,1,1869.0,1869,0.0,Optimal,4284,13171858,0,0,0
167,brimkov-outp,../inputs/case1888rte.graphml,1888,2308,681,11,6010,12075,4,375.0,375,0.0,Optimal,1,342936,0,0,0
168,brimkov-outp,../inputs/case_GB2224.graphml,2224,2804,1367,13,8520,19928,2,322.0,322,0.0,Optimal,3410,10679101,0,0,0
169,brimkov-outp,../inputs/case96rts.graphml,73,108,9,3,273,206,1,20.0,20,0.0,Optimal,1,24894,0,0,0
170,brimkov-outp,../inputs/case3012wp.graphml,3012,3566,726,0,15236,14158,4,2293.0,2293,0.0,Optimal,1,356706,0,0,0
171,brimkov-outp,../inputs/case2746wp.graphml,2746,3274,704,7,7612,10542,4,684.0,684,0.0,Optimal,1,635538,0,0,0
172,brimkov-outp,../inputs/case1888rte.graphml,1888,2308,681,8,6300,12106,2,375.0,375,0.0,Optimal,1,522359,0,0,0
173,brimkov-outp,../inputs/case2848rte.graphml,2848,3442,1023,2,13103,19740,1,862.0,862,0.0,Optimal,1780,21012472,0,0,0
174,brimkov-outp,../inputs/case24_ieee_rts.graphml,24,34,4,1,128,96,2,10.0,10,0.0,Optimal,1,3676,0,0,0
175,brimkov-outp,../inputs/case3375wp.graphml,3374,4068,889,3,11810,14882,2,851.0,851,0.0,Optimal,4209,54264615,0,0,0
176,brimkov-outp,../inputs/case2848rte.graphml,2848,3442,1023,10,9138,18822,4,585.0,585,0.0,Optimal,1,613610,0,0,0
177,brimkov-outp,../inputs/case24_ieee_rts.graphml,24,34,4,4,71,75,0,6.0,6,0.0,Optimal,1,3716,0,0,0
178,brimkov-outp,../inputs/case1888rte.graphml,1888,2308,681,14,5923,12068,2,375.0,375,0.0,Optimal,1,287990,0,0,0
179,brimkov-outp,../inputs/case1354pegase.graphml,1354,1710,422,10,3921,6611,1,311.0,311,0.0,Optimal,1,95753,0,0,0
180,brimkov-outp,../inputs/case2736sp.graphml,2736,3265,645,5,7923,10445,4,684.0,684,0.0,Optimal,50,1574956,0,0,0
181,brimkov-outp,../inputs/case89pegase.graphml,89,206,43,10,455,648,2,13.0,13,0.0,Optimal,1,25573,0,0,0
182,brimkov-outp,../inputs/case1951rte.graphml,1951,2375,651,8,6434,12452,2,397.0,397,0.0,Optimal,1,495534,0,0,0
183,brimkov-outp,../inputs/case_Texas.graphml,2000,2667,376,14,5705,12076,4,411.0,411,0.0,Optimal,617,4421850,0,0,0
184,brimkov-outp,../inputs/case2746wop.graphml,2746,3300,709,5,8123,10773,3,681.0,681,0.0,Optimal,104,1456876,0,0,0
185,brimkov-outp,../inputs/case_iceland118.graphml,189,203,110,2,886,1356,0,52.0,52,0.0,Optimal,1,66340,0,0,0
186,brimkov-outp,../inputs/case2737sop.graphml,2737,3266,655,5,7937,10484,2,685.0,685,0.0,Optimal,24,1288582,0,0,0
187,brimkov-outp,../inputs/case2383wp.graphml,2383,2886,552,0,12244,12002,2,1841.0,1841,0.0,Optimal,1,325894,0,0,0
188,brimkov-outp,../inputs/case_GBreduced29.graphml,29,50,0,6,58,29,0,7.0,7,0.0,Optimal,1,2962,0,0,0
189,brimkov-outp,../inputs/case2868rte.graphml,2868,3471,983,8,9466,19241,0,600.0,600,0.0,Optimal,1,1229861,0,0,0
190,brimkov-outp,../inputs/case3012wp.graphml,3012,3566,726,9,8114,11147,4,755.0,755,0.0,Optimal,1,713539,0,0,0
191,brimkov-outp,../inputs/case_illinois200.graphml,200,245,44,8,605,1150,0,39.0,39,0.0,Optimal,1,24691,0,0,0
192,brimkov-outp,../inputs/case3012wp.graphml,3012,3566,726,1,14686,13608,3,1323.0,1323,0.0,Optimal,11,1754638,0,0,0
193,brimkov-outp,../inputs/case2737sop.graphml,2737,3266,655,0,13922,13139,1,2087.0,2087,0.0,Optimal,1,338203,0,0,0
194,brimkov-outp,../inputs/case2868rte.graphml,2868,3471,983,0,15921,22062,0,1924.0,1924,0.0,Optimal,4627,11340350,0,0,0
195,brimkov-outp,../inputs/case4gs.graphml,4,4,0,2,8,4,2,2.0,2,0.0,Optimal,1,367,0,0,0
196,brimkov-outp,../inputs/case2746wop.graphml,2746,3300,709,9,7533,10684,0,677.0,677,0.0,Optimal,1,534221,0,0,0
197,brimkov-outp,../inputs/case3375wp.graphml,3374,4068,889,0,17535,17778,4,2498.0,2498,0.0,Optimal,498,1956666,0,0,0
198,brimkov-outp,../inputs/case2869pegase.graphml,2869,3968,869,10,8530,14185,3,612.0,612,0.0,Optimal,1,440960,0,0,0
199,brimkov-outp,../inputs/case_Texas.graphml,2000,2667,376,4,6799,12242,1,490.0,490,0.0,Optimal,30263,214444888,0,0,0
200,brimkov-outp,../inputs/case2869pegase.graphml,2869,3968,869,14,8296,14166,4,612.0,612,0.0,Optimal,1,325477,0,0,0
201,brimkov-outp,../inputs/case_GB2224.graphml,2224,2804,1367,3,10617,20291,1,410.0,410,0.0,Optimal,2039,35819953,0,0,0
202,brimkov-outp,../inputs/case2746wp.graphml,2746,3274,704,6,7773,10565,1,685.0,685,0.0,Optimal,1,625530,0,0,0
203,brimkov-outp,../inputs/case_ieee30.graphml,30,41,7,6,92,143,1,6.0,6,0.0,Optimal,1,3225,0,0,0
204,brimkov-outp,../inputs/case145.graphml,145,422,71,17,709,2636,0,18.0,18,0.0,Optimal,18,350544,0,0,0
205,brimkov-outp,../inputs/case_illinois200.graphml,200,245,44,4,719,1170,4,50.0,50,0.0,Optimal,1,70686,0,0,0
206,brimkov-outp,../inputs/case2868rte.graphml,2868,3471,983,5,10656,19415,0,620.0,620,0.0,Optimal,2864,12187776,0,0,0
207,brimkov-outp,../inputs/case2736sp.graphml,2736,3265,645,4,8458,10552,2,689.0,689,0.0,Optimal,2719,7572289,0,0,0
208,brimkov-outp,../inputs/case3375wp.graphml,3374,4068,889,6,9884,14466,3,818.0,818,0.0,Optimal,52,1986858,0,0,0
209,brimkov-outp,../inputs/case_illinois200.graphml,200,245,44,7,613,1151,0,40.0,40,0.0,Optimal,1,24218,0,0,0
210,brimkov-outp,../inputs/case1888rte.graphml,1888,2308,681,2,8750,12694,2,570.0,570,0.0,Optimal,2478,10960471,0,0,0
211,brimkov-outp,../inputs/case1888rte.graphml,1888,2308,681,7,6468,12127,3,377.0,377,0.0,Optimal,1,554090,0,0,0
212,brimkov-outp,../inputs/case5.graphml,5,6,0,1,22,10,1,3.0,3,0.0,Optimal,1,689,0,0,0
213,brimkov-outp,../inputs/case_south_carolina500.graphml,500,584,211,13,1865,4682,0,75.0,75,0.0,Optimal,1,80183,0,0,0
214,brimkov-outp,../inputs/case_Texas.graphml,2000,2667,376,0,11023,14075,1,1624.0,1624,0.0,Optimal,1,200229,0,0,0
215,brimkov-outp,../inputs/case96rts.graphml,73,108,9,4,205,189,4,19.0,19,0.0,Optimal,1,8106,0,0,0
216,brimkov-outp,../inputs/case89pegase.graphml,89,206,43,15,298,636,1,13.0,13,0.0,Optimal,1,8341,0,0,0
217,brimkov-outp,../inputs/case3012wp.graphml,3012,3566,726,5,8677,11232,3,758.0,758,0.0,Optimal,189,1605830,0,0,0
218,brimkov-outp,../inputs/case_iceland118.graphml,189,203,110,8,652,1297,0,39.0,39,0.0,Optimal,1,20903,0,0,0
219,brimkov-outp,../inputs/case33bw.graphml,33,32,1,2,76,38,4,11.0,11,0.0,Optimal,0,527,0,0,0
220,brimkov-outp,../inputs/case_ieee30.graphml,30,41,7,1,164,169,0,12.0,12,0.0,Optimal,1,6773,0,0,0
221,brimkov-outp,../inputs/case2736sp.graphml,2736,3265,645,3,9242,10748,3,702.0,702,0.0,Optimal,2062,11629425,0,0,0
222,brimkov-outp,../inputs/case33bw.graphml,33,32,1,2,76,38,3,11.0,11,0.0,Optimal,0,545,0,0,0
223,brimkov-outp,../inputs/case5.graphml,5,6,0,1,22,10,3,3.0,3,0.0,Optimal,1,515,0,0,0
224,brimkov-outp,../inputs/case33bw.graphml,33,32,1,0,131,68,2,32.0,32,0.0,Optimal,0,494,0,0,0
225,brimkov-outp,../inputs/case2383wp.graphml,2383,2886,552,9,6472,9619,4,594.0,594,0.0,Optimal,1,247993,0,0,0
226,brimkov-outp,../inputs/case2869pegase.graphml,2869,3968,869,0,16202,17033,3,2063.0,2063,0.0,Optimal,1,650044,0,0,0
227,brimkov-outp,../inputs/case2746wop.graphml,2746,3300,709,1,13654,12951,0,1187.0,1187,0.0,Optimal,3563,6400036,0,0,0
228,brimkov-outp,../inputs/case30.graphml,30,41,7,4,99,125,1,6.0,6,0.0,Optimal,1,2916,0,0,0
229,brimkov-outp,../inputs/case118.graphml,118,179,11,6,307,301,1,29.0,29,0.0,Optimal,1,9523,0,0,0
230,brimkov-outp,../inputs/case1354pegase.graphml,1354,1710,422,5,4718,6724,4,322.0,322,0.0,Optimal,1,293239,0,0,0
231,brimkov-outp,../inputs/case57.graphml,57,78,15,3,209,198,2,12.0,12,0.0,Optimal,1,11159,0,0,0
232,brimkov-outp,../inputs/case_Texas.graphml,2000,2667,376,13,5719,12077,2,411.0,411,0.0,Optimal,617,4056568,0,0,0
233,brimkov-outp,../inputs/case2746wp.graphml,2746,3274,704,0,14051,13275,2,2046.0,2046,0.0,Optimal,1,256625,0,0,0
234,brimkov-outp,../inputs/case118.graphml,118,179,11,4,398,318,3,30.0,30,0.0,Optimal,1,28754,0,0,0
235,brimkov-outp,../inputs/case2746wp.graphml,2746,3274,704,5,8085,10617,3,687.0,687,0.0,Optimal,21,1839171,0,0,0
236,brimkov-outp,../inputs/case96rts.graphml,73,108,9,2,333,226,2,22.0,22,0.0,Optimal,1,17203,0,0,0
237,brimkov-outp,../inputs/case145.graphml,145,422,71,18,673,2634,1,18.0,18,0.0,Optimal,1,114691,0,0,0
238,brimkov-outp,../inputs/case_Texas.graphml,2000,2667,376,3,7763,12483,2,537.0,538,0.0018587360594795538,Timeout,40013,900066129,0,0,0
239,brimkov-outp,../inputs/case2737sop.graphml,2737,3266,655,6,7661,10438,1,683.0,683,0.0,Optimal,1,552602,0,0,0
240,brimkov-outp,../inputs/case2868rte.graphml,2868,3471,983,8,9466,19241,4,600.0,600,0.0,Optimal,1,1220257,0,0,0
241,brimkov-outp,../inputs/case1951rte.graphml,1951,2375,651,13,6082,12417,0,393.0,393,0.0,Optimal,1,409491,0,0,0
242,brimkov-outp,../inputs/case24_ieee_rts.graphml,24,34,4,2,110,87,0,7.0,7,0.0,Optimal,1,4647,0,0,0
243,brimkov-outp,../inputs/case1888rte.graphml,1888,2308,681,4,7459,12298,3,416.0,416,0.0,Optimal,4987,12094662,0,0,0
244,brimkov-outp,../inputs/case2746wp.graphml,2746,3274,704,9,7503,10529,2,684.0,684,0.0,Optimal,1,350051,0,0,0
245,brimkov-outp,../inputs/case1951rte.graphml,1951,2375,651,0,10803,14366,3,1332.0,1332,0.0,Optimal,2286,5132390,0,0,0
246,brimkov-outp,../inputs/case1354pegase.graphml,1354,1710,422,11,3888,6608,4,311.0,311,0.0,Optimal,1,87514,0,0,0
247,brimkov-outp,../inputs/case1888rte.graphml,1888,2308,681,3,7871,12401,4,465.0,465,0.0,Optimal,1807,8283599,0,0,0
248,brimkov-outp,../inputs/case_illinois200.graphml,200,245,44,5,664,1159,0,45.0,45,0.0,Optimal,1,50251,0,0,0
249,brimkov-outp,../inputs/case145.graphml,145,422,71,15,759,2639,2,18.0,18,0.0,Optimal,42,254266,0,0,0
250,brimkov-outp,../inputs/case2869pegase.graphml,2869,3968,869,0,16202,17033,0,2063.0,2063,0.0,Optimal,1,652920,0,0,0
251,brimkov-outp,../inputs/case118.graphml,118,179,11,6,307,301,0,29.0,29,0.0,Optimal,1,11755,0,0,0
252,brimkov-outp,../inputs/case_GB2224.graphml,2224,2804,1367,13,8520,19928,1,322.0,322,0.0,Optimal,3410,10674962,0,0,0
253,brimkov-outp,../inputs/case1888rte.graphml,1888,2308,681,7,6468,12127,2,377.0,377,0.0,Optimal,1,556207,0,0,0
254,brimkov-outp,../inputs/case2737sop.graphml,2737,3266,655,9,7390,10402,2,683.0,683,0.0,Optimal,1,363579,0,0,0
255,brimkov-outp,../inputs/case2746wp.graphml,2746,3274,704,3,9377,10915,1,706.0,706,0.0,Optimal,1930,9868753,0,0,0
256,brimkov-outp,../inputs/case1951rte.graphml,1951,2375,651,14,6068,12416,1,393.0,393,0.0,Optimal,1,271838,0,0,0
257,brimkov-outp,../inputs/case2869pegase.graphml,2869,3968,869,12,8403,14174,2,612.0,612,0.0,Optimal,1,520925,0,0,0
258,brimkov-outp,../inputs/case4gs.graphml,4,4,0,2,8,4,1,2.0,2,0.0,Optimal,1,314,0,0,0
259,brimkov-outp,../inputs/case_Texas.graphml,2000,2667,376,11,5819,12085,1,412.0,412,0.0,Optimal,11,2206679,0,0,0
260,brimkov-outp,../inputs/case3375wp.graphml,3374,4068,889,10,9432,14407,1,816.0,816,0.0,Optimal,1,716437,0,0,0
261,brimkov-outp,../inputs/case2746wp.graphml,2746,3274,704,3,9377,10915,3,706.0,706,0.0,Optimal,1930,9857458,0,0,0
262,brimkov-outp,../inputs/case145.graphml,145,422,71,6,1158,2681,4,18.0,18,0.0,Optimal,29,429207,0,0,0
263,brimkov-outp,../inputs/case1888rte.graphml,1888,2308,681,8,6300,12106,0,375.0,375,0.0,Optimal,1,532646,0,0,0
264,brimkov-outp,../inputs/case145.graphml,145,422,71,0,1440,2775,2,91.0,91,0.0,Optimal,13559,3959106,0,0,0
265,brimkov-outp,../inputs/case2869pegase.graphml,2869,3968,869,14,8296,14166,1,612.0,612,0.0,Optimal,1,326048,0,0,0
266,brimkov-outp,../inputs/case33bw.graphml,33,32,1,0,131,68,4,32.0,32,0.0,Optimal,0,491,0,0,0
267,brimkov-outp,../inputs/case_GBreduced29.graphml,29,50,0,0,158,58,4,29.0,29,0.0,Optimal,0,506,0,0,0
268,brimkov-outp,../inputs/case30.graphml,30,41,7,3,115,129,1,7.0,7,0.0,Optimal,1,4659,0,0,0
269,brimkov-outp,../inputs/case2383wp.graphml,2383,2886,552,2,9534,10395,0,693.0,693,0.0,Optimal,1718,9627805,0,0,0
270,brimkov-outp,../inputs/case_south_carolina500.graphml,500,584,211,14,1837,4680,0,75.0,75,0.0,Optimal,1,65081,0,0,0
271,brimkov-outp,../inputs/case_ieee30.graphml,30,41,7,5,98,144,3,6.0,6,0.0,Optimal,1,3618,0,0,0
272,brimkov-outp,../inputs/case2868rte.graphml,2868,3471,983,8,9466,19241,1,600.0,600,0.0,Optimal,1,1209068,0,0,0
273,brimkov-outp,../inputs/case57.graphml,57,78,15,1,309,242,2,22.0,22,0.0,Optimal,1,6491,0,0,0
274,brimkov-outp,../inputs/case_ieee30.graphml,30,41,7,0,167,172,3,23.0,23,0.0,Optimal,1,1930,0,0,0
275,brimkov-outp,../inputs/case2746wop.graphml,2746,3300,709,1,13654,12951,2,1187.0,1187,0.0,Optimal,3563,6323131,0,0,0
276,brimkov-outp,../inputs/case145.graphml,145,422,71,10,950,2654,2,18.0,18,0.0,Optimal,409,588513,0,0,0
277,brimkov-outp,../inputs/case145.graphml,145,422,71,19,616,2631,2,18.0,18,0.0,Optimal,64,196849,0,0,0
278,brimkov-outp,../inputs/case_GBreduced29.graphml,29,50,0,6,58,29,3,7.0,7,0.0,Optimal,1,1183,0,0,0
279,brimkov-outp,../inputs/case2868rte.graphml,2868,3471,983,16,8979,19194,0,598.0,598,0.0,Optimal,1,617817,0,0,0
280,brimkov-outp,../inputs/case1951rte.graphml,1951,2375,651,15,6053,12415,1,393.0,393,0.0,Optimal,1,276263,0,0,0
281,brimkov-outp,../inputs/case1354pegase.graphml,1354,1710,422,12,3888,6608,2,311.0,311,0.0,Optimal,1,89688,0,0,0
282,brimkov-outp,../inputs/case2869pegase.graphml,2869,3968,869,11,8475,14180,2,612.0,612,0.0,Optimal,1,423253,0,0,0
283,brimkov-outp,../inputs/case_ieee30.graphml,30,41,7,1,164,169,4,12.0,12,0.0,Optimal,1,4906,0,0,0
284,brimkov-outp,../inputs/case145.graphml,145,422,71,9,950,2654,4,18.0,18,0.0,Optimal,648,889387,0,0,0
285,brimkov-outp,../inputs/case_GB2224.graphml,2224,2804,1367,0,14114,22151,2,1016.0,1027,0.010710808179162609,Timeout,99807,900200754,0,0,0
286,brimkov-outp,../inputs/case2848rte.graphml,2848,3442,1023,7,9775,18897,4,587.0,587,0.0,Optimal,17,1655374,0,0,0
287,brimkov-outp,../inputs/case89pegase.graphml,89,206,43,2,646,686,0,21.0,21,0.0,Optimal,1,53867,0,0,0
288,brimkov-outp,../inputs/case_south_carolina500.graphml,500,584,211,11,1865,4682,2,75.0,75,0.0,Optimal,1,63543,0,0,0
289,brimkov-outp,../inputs/case2383wp.graphml,2383,2886,552,0,12244,12002,1,1841.0,1841,0.0,Optimal,1,327345,0,0,0
290,brimkov-outp,../inputs/case_Texas.graphml,2000,2667,376,9,5973,12100,4,417.0,417,0.0,Optimal,2927,22864623,0,0,0
291,brimkov-outp,../inputs/case3375wp.graphml,3374,4068,889,4,10922,14660,0,829.0,829,0.0,Optimal,1764,15849099,0,0,0
292,brimkov-outp,../inputs/case145.graphml,145,422,71,9,950,2654,2,18.0,18,0.0,Optimal,648,891943,0,0,0
293,brimkov-outp,../inputs/case118.graphml,118,179,11,3,458,333,1,31.0,31,0.0,Optimal,1,54680,0,0,0
294,brimkov-outp,../inputs/case_iceland118.graphml,189,203,110,1,970,1398,2,83.0,83,0.0,Optimal,1,39709,0,0,0
295,brimkov-outp,../inputs/case2746wp.graphml,2746,3274,704,6,7773,10565,3,685.0,685,0.0,Optimal,1,627016,0,0,0
296,brimkov-outp,../inputs/case1951rte.graphml,1951,2375,651,12,6121,12420,4,393.0,393,0.0,Optimal,1,331778,0,0,0
297,brimkov-outp,../inputs/case_south_carolina500.graphml,500,584,211,0,3005,5180,3,289.0,289,0.0,Optimal,1,45933,0,0,0
298,brimkov-outp,../inputs/case300.graphml,300,409,66,11,806,1122,2,72.0,72,0.0,Optimal,1,20084,0,0,0
299,brimkov-outp,../inputs/case6468rte.graphml,6468,8065,2384,1,34403,46053,3,2916.0,2916,0.0,Optimal,1691,23437766,0,0,0
300,brimkov-outp,../inputs/case1354pegase.graphml,1354,1710,422,7,4207,6643,0,313.0,313,0.0,Optimal,1,187254,0,0,0
301,brimkov-outp,../inputs/case300.graphml,300,409,66,6,877,1131,2,74.0,74,0.0,Optimal,1,30120,0,0,0
302,brimkov-outp,../inputs/case_Texas.graphml,2000,2667,376,6,6231,12133,1,444.0,444,0.0,Optimal,1490,7940145,0,0,0
303,brimkov-outp,../inputs/case_iceland118.graphml,189,203,110,1,970,1398,0,83.0,83,0.0,Optimal,1,43705,0,0,0
304,brimkov-outp,../inputs/case2869pegase.graphml,2869,3968,869,3,12092,14850,0,730.0,730,0.0,Optimal,2193,25991302,0,0,0
305,brimkov-outp,../inputs/case2868rte.graphml,2868,3471,983,5,10656,19415,3,620.0,620,0.0,Optimal,2864,12177645,0,0,0
306,brimkov-outp,../inputs/case6ww.graphml,6,11,1,3,25,18,3,2.0,2,0.0,Optimal,1,721,0,0,0
307,brimkov-outp,../inputs/case145.graphml,145,422,71,16,743,2638,3,18.0,18,0.0,Optimal,1,277503,0,0,0
308,brimkov-outp,../inputs/case57.graphml,57,78,15,2,245,210,2,14.0,14,0.0,Optimal,1,12049,0,0,0
309,brimkov-outp,../inputs/case300.graphml,300,409,66,4,983,1151,4,76.0,76,0.0,Optimal,1,55367,0,0,0
310,brimkov-outp,../inputs/case_illinois200.graphml,200,245,44,1,1002,1276,4,97.0,97,0.0,Optimal,1,36287,0,0,0
311,brimkov-outp,../inputs/case39.graphml,39,46,10,1,193,183,3,16.0,16,0.0,Optimal,1,4597,0,0,0
312,brimkov-outp,../inputs/case14.graphml,14,20,2,5,33,29,3,3.0,3,0.0,Optimal,0,477,0,0,0
313,brimkov-outp,../inputs/case_south_carolina500.graphml,500,584,211,3,2304,4765,1,98.0,98,0.0,Optimal,168,1370273,0,0,0
314,brimkov-outp,../inputs/case145.graphml,145,422,71,18,673,2634,4,18.0,18,0.0,Optimal,1,114738,0,0,0
315,brimkov-outp,../inputs/case1888rte.graphml,1888,2308,681,5,7079,12222,0,393.0,393,0.0,Optimal,1427,3873177,0,0,0
316,brimkov-outp,../inputs/case96rts.graphml,73,108,9,0,391,256,1,64.0,64,0.0,Optimal,1,4090,0,0,0
317,brimkov-outp,../inputs/case2869pegase.graphml,2869,3968,869,4,11032,14585,2,662.0,662,0.0,Optimal,1784,16123757,0,0,0
318,brimkov-outp,../inputs/case5.graphml,5,6,0,3,10,5,0,2.0,2,0.0,Optimal,0,1277,0,0,0
319,brimkov-outp,../inputs/case3012wp.graphml,3012,3566,726,5,8677,11232,2,758.0,758,0.0,Optimal,189,1603869,0,0,0
320,brimkov-outp,../inputs/case_ieee30.graphml,30,41,7,5,98,144,1,6.0,6,0.0,Optimal,1,3908,0,0,0
321,brimkov-outp,../inputs/case2868rte.graphml,2868,3471,983,6,10230,19344,0,607.0,607,0.0,Optimal,313,3397198,0,0,0
322,brimkov-outp,../inputs/case3120sp.graphml,3120,3684,798,4,9695,12071,0,774.0,774,0.0,Optimal,2637,12181583,0,0,0
323,brimkov-outp,../inputs/case5.graphml,5,6,0,0,22,10,1,5.0,5,0.0,Optimal,0,318,0,0,0
324,brimkov-outp,../inputs/case96rts.graphml,73,108,9,3,273,206,2,20.0,20,0.0,Optimal,1,24662,0,0,0
325,brimkov-outp,../inputs/case300.graphml,300,409,66,3,1151,1193,3,81.0,81,0.0,Optimal,47,429816,0,0,0
326,brimkov-outp,../inputs/case_south_carolina500.graphml,500,584,211,0,3005,5180,1,289.0,289,0.0,Optimal,1,46031,0,0,0
327,brimkov-outp,../inputs/case3012wp.graphml,3012,3566,726,7,8222,11160,4,755.0,755,0.0,Optimal,1,482876,0,0,0
328,brimkov-outp,../inputs/case145.graphml,145,422,71,7,1067,2668,2,18.0,18,0.0,Optimal,418,912217,0,0,0
329,brimkov-outp,../inputs/case6468rte.graphml,6468,8065,2384,2,30169,43936,1,1887.0,1887,0.0,Optimal,45816,429315474,0,0,0
330,brimkov-outp,../inputs/case2869pegase.graphml,2869,3968,869,0,16202,17033,4,2063.0,2063,0.0,Optimal,1,653866,0,0,0
331,brimkov-outp,../inputs/case2848rte.graphml,2848,3442,1023,5,10611,19027,2,606.0,606,0.0,Optimal,2546,12400697,0,0,0
332,brimkov-outp,../inputs/case2869pegase.graphml,2869,3968,869,10,8530,14185,1,612.0,612,0.0,Optimal,1,439163,0,0,0
333,brimkov-outp,../inputs/case2868rte.graphml,2868,3471,983,5,10656,19415,4,620.0,620,0.0,Optimal,2864,12158025,0,0,0
334,brimkov-outp,../inputs/case89pegase.graphml,89,206,43,5,557,661,1,14.0,14,0.0,Optimal,1,39069,0,0,0
335,brimkov-outp,../inputs/case2737sop.graphml,2737,3266,655,6,7661,10438,3,683.0,683,0.0,Optimal,1,548038,0,0,0
336,brimkov-outp,../inputs/case3375wp.graphml,3374,4068,889,1,16871,17114,2,1454.0,1454,0.0,Optimal,2188,10507031,0,0,0
337,brimkov-outp,../inputs/case_illinois200.graphml,200,245,44,3,799,1190,4,57.0,57,0.0,Optimal,1,90352,0,0,0
338,brimkov-outp,../inputs/case57.graphml,57,78,15,3,209,198,0,12.0,12,0.0,Optimal,1,13566,0,0,0
339,brimkov-outp,../inputs/case300.graphml,300,409,66,4,983,1151,0,76.0,76,0.0,Optimal,1,59861,0,0,0
340,brimkov-outp,../inputs/case_Texas.graphml,2000,2667,376,4,6799,12242,0,490.0,490,0.0,Optimal,30263,214349382,0,0,0
341,brimkov-outp,../inputs/case2848rte.graphml,2848,3442,1023,1,14731,20554,4,1297.0,1297,0.0,Optimal,1,3424227,0,0,0
342,brimkov-outp,../inputs/case145.graphml,145,422,71,3,1287,2706,0,27.0,27,0.0,Optimal,182,1075441,0,0,0
343,brimkov-outp,../inputs/case3375wp.graphml,3374,4068,889,11,9399,14404,4,816.0,816,0.0,Optimal,1,799115,0,0,0
344,brimkov-outp,../inputs/case24_ieee_rts.graphml,24,34,4,3,83,78,1,6.0,6,0.0,Optimal,1,2390,0,0,0
345,brimkov-outp,../inputs/case2869pegase.graphml,2869,3968,869,14,8296,14166,2,612.0,612,0.0,Optimal,1,325724,0,0,0
346,brimkov-outp,../inputs/case1951rte.graphml,1951,2375,651,1,10036,13599,3,926.0,926,0.0,Optimal,1,684498,0,0,0
347,brimkov-outp,../inputs/case2736sp.graphml,2736,3265,645,8,7421,10368,0,682.0,682,0.0,Optimal,1,447238,0,0,0
348,brimkov-outp,../inputs/case1888rte.graphml,1888,2308,681,10,6054,12079,0,375.0,375,0.0,Optimal,1,391559,0,0,0
349,brimkov-outp,../inputs/case2737sop.graphml,2737,3266,655,5,7937,10484,1,685.0,685,0.0,Optimal,24,1293218,0,0,0
350,brimkov-outp,../inputs/case2746wp.graphml,2746,3274,704,2,10715,11361,0,775.0,775,0.0,Optimal,3028,23381005,0,0,0
351,brimkov-outp,../inputs/case_GBreduced29.graphml,29,50,0,1,158,58,0,15.0,15,0.0,Optimal,1,5282,0,0,0
352,brimkov-outp,../inputs/case_illinois200.graphml,200,245,44,2,892,1221,2,68.0,68,0.0,Optimal,1,52097,0,0,0
353,brimkov-outp,../inputs/case1951rte.graphml,1951,2375,651,15,6053,12415,3,393.0,393,0.0,Optimal,1,284792,0,0,0
354,brimkov-outp,../inputs/case2868rte.graphml,2868,3471,983,7,9810,19284,4,600.0,600,0.0,Optimal,1,1173518,0,0,0
355,brimkov-outp,../inputs/case145.graphml,145,422,71,17,709,2636,1,18.0,18,0.0,Optimal,18,347653,0,0,0
356,brimkov-outp,../inputs/case_Texas.graphml,2000,2667,376,5,6369,12156,2,462.0,462,0.0,Optimal,3103,33966436,0,0,0
357,brimkov-outp,../inputs/case2868rte.graphml,2868,3471,983,14,9010,19196,0,598.0,598,0.0,Optimal,1,603793,0,0,0
358,brimkov-outp,../inputs/case_iceland118.graphml,189,203,110,2,886,1356,2,52.0,52,0.0,Optimal,1,62358,0,0,0
359,brimkov-outp,../inputs/case300.graphml,300,409,66,2,1403,1277,3,94.0,94,0.0,Optimal,271,292206,0,0,0
360,brimkov-outp,../inputs/case3012wp.graphml,3012,3566,726,1,14686,13608,2,1323.0,1323,0.0,Optimal,11,1754620,0,0,0
361,brimkov-outp,../inputs/case14.graphml,14,20,2,4,38,30,3,3.0,3,0.0,Optimal,0,552,0,0,0
362,brimkov-outp,../inputs/case1951rte.graphml,1951,2375,651,2,8898,13030,0,616.0,616,0.0,Optimal,49,3828130,0,0,0
363,brimkov-outp,../inputs/case145.graphml,145,422,71,2,1365,2732,0,35.0,35,0.0,Optimal,1481,905825,0,0,0
364,brimkov-outp,../inputs/case145.graphml,145,422,71,16,743,2638,1,18.0,18,0.0,Optimal,1,276943,0,0,0
365,brimkov-outp,../inputs/case2848rte.graphml,2848,3442,1023,0,15831,21654,0,1869.0,1869,0.0,Optimal,4284,13238858,0,0,0
366,brimkov-outp,../inputs/case2383wp.graphml,2383,2886,552,5,7107,9714,0,596.0,596,0.0,Optimal,21,1209165,0,0,0
367,brimkov-outp,../inputs/case145.graphml,145,422,71,19,616,2631,4,18.0,18,0.0,Optimal,64,195913,0,0,0
368,brimkov-outp,../inputs/case300.graphml,300,409,66,11,806,1122,4,72.0,72,0.0,Optimal,1,20284,0,0,0
369,brimkov-outp,../inputs/case_Texas.graphml,2000,2667,376,13,5719,12077,4,411.0,411,0.0,Optimal,617,4067088,0,0,0
370,brimkov-outp,../inputs/case145.graphml,145,422,71,8,995,2659,0,18.0,18,0.0,Optimal,363,924639,0,0,0
371,brimkov-outp,../inputs/case3012wp.graphml,3012,3566,726,7,8222,11160,0,755.0,755,0.0,Optimal,1,491322,0,0,0
372,brimkov-outp,../inputs/case24_ieee_rts.graphml,24,34,4,5,61,73,0,6.0,6,0.0,Optimal,1,3393,0,0,0
373,brimkov-outp,../inputs/case1354pegase.graphml,1354,1710,422,6,4382,6668,1,316.0,316,0.0,Optimal,1,194329,0,0,0
374,brimkov-outp,../inputs/case1354pegase.graphml,1354,1710,422,4,5043,6789,0,340.0,340,0.0,Optimal,12,782726,0,0,0
375,brimkov-outp,../inputs/case_Texas.graphml,2000,2667,376,3,7763,12483,4,537.0,538,0.0018587360594795538,Timeout,40125,900060368,0,0,0
376,brimkov-outp,../inputs/case118.graphml,118,179,11,9,276,297,4,29.0,29,0.0,Optimal,1,5860,0,0,0
377,brimkov-outp,../inputs/case145.graphml,145,422,71,6,1158,2681,2,18.0,18,0.0,Optimal,29,426922,0,0,0
378,brimkov-outp,../inputs/case_GB2224.graphml,2224,2804,1367,4,10129,20169,3,359.0,359,0.0,Optimal,1664,35408848,0,0,0
379,brimkov-outp,../inputs/case1951rte.graphml,1951,2375,651,14,6068,12416,2,393.0,393,0.0,Optimal,1,270743,0,0,0
380,brimkov-outp,../inputs/case1354pegase.graphml,1354,1710,422,4,5043,6789,1,340.0,340,0.0,Optimal,12,774073,0,0,0
381,brimkov-outp,../inputs/case2848rte.graphml,2848,3442,1023,6,10167,18953,3,593.0,593,0.0,Optimal,734,3732381,0,0,0
382,brimkov-outp,../inputs/case57.graphml,57,78,15,3,209,198,3,12.0,12,0.0,Optimal,1,11297,0,0,0
383,brimkov-outp,../inputs/case2737sop.graphml,2737,3266,655,7,7507,10416,2,683.0,683,0.0,Optimal,1,493620,0,0,0
384,brimkov-outp,../inputs/case_Texas.graphml,2000,2667,376,8,6045,12108,4,423.0,423,0.0,Optimal,1569,7710186,0,0,0
385,brimkov-outp,../inputs/case11_iwamoto.graphml,11,11,6,2,47,63,3,2.0,2,0.0,Optimal,1,1084,0,0,0
386,brimkov-outp,../inputs/case1888rte.graphml,1888,2308,681,11,6010,12075,1,375.0,375,0.0,Optimal,1,346143,0,0,0
387,brimkov-outp,../inputs/case_south_carolina500.graphml,500,584,211,6,1988,4698,3,80.0,80,0.0,Optimal,1,161887,0,0,0
388,brimkov-outp,../inputs/case145.graphml,145,422,71,3,1287,2706,2,27.0,27,0.0,Optimal,182,1070065,0,0,0
389,brimkov-outp,../inputs/case3375wp.graphml,3374,4068,889,6,9884,14466,1,818.0,818,0.0,Optimal,52,1992053,0,0,0
390,brimkov-outp,../inputs/case11_iwamoto.graphml,11,11,6,0,59,71,0,5.0,5,0.0,Optimal,1,3811,0,0,0
391,brimkov-outp,../inputs/case1888rte.graphml,1888,2308,681,4,7459,12298,2,416.0,416,0.0,Optimal,4987,12107710,0,0,0
392,brimkov-outp,../inputs/case_Texas.graphml,2000,2667,376,11,5819,12085,0,412.0,412,0.0,Optimal,11,2218814,0,0,0
393,brimkov-outp,../inputs/case1951rte.graphml,1951,2375,651,15,6053,12415,0,393.0,393,0.0,Optimal,1,282370,0,0,0
394,brimkov-outp,../inputs/case2736sp.graphml,2736,3265,645,8,7421,10368,1,682.0,682,0.0,Optimal,1,441542,0,0,0
395,brimkov-outp,../inputs/case11_iwamoto.graphml,11,11,6,2,47,63,0,2.0,2,0.0,Optimal,1,2546,0,0,0
396,brimkov-outp,../inputs/case2746wop.graphml,2746,3300,709,2,10828,11538,1,771.0,771,0.0,Optimal,3712,38087465,0,0,0
397,brimkov-outp,../inputs/case2868rte.graphml,2868,3471,983,16,8979,19194,2,598.0,598,0.0,Optimal,1,594198,0,0,0
398,brimkov-outp,../inputs/case2868rte.graphml,2868,3471,983,7,9810,19284,2,600.0,600,0.0,Optimal,1,1178554,0,0,0
399,brimkov-outp,../inputs/case2383wp.graphml,2383,2886,552,7,6614,9636,1,594.0,594,0.0,Optimal,1,354139,0,0,0
400,brimkov-outp,../inputs/case3375wp.graphml,3374,4068,889,6,9884,14466,2,818.0,818,0.0,Optimal,52,1989567,0,0,0
401,brimkov-outp,../inputs/case2383wp.graphml,2383,2886,552,3,8358,10003,3,623.0,623,0.0,Optimal,1586,13342069,0,0,0
402,brimkov-outp,../inputs/case3375wp.graphml,3374,4068,889,0,17535,17778,1,2498.0,2498,0.0,Optimal,498,1942590,0,0,0
403,brimkov-outp,../inputs/case2746wp.graphml,2746,3274,704,4,8585,10717,3,690.0,690,0.0,Optimal,1,1628085,0,0,0
404,brimkov-outp,../inputs/case_Texas.graphml,2000,2667,376,9,5973,12100,0,417.0,417,0.0,Optimal,2927,22753954,0,0,0
405,brimkov-outp,../inputs/case145.graphml,145,422,71,5,1218,2691,3,20.0,20,0.0,Optimal,2017,1575101,0,0,0
406,brimkov-outp,../inputs/case89pegase.graphml,89,206,43,1,696,711,2,34.0,34,0.0,Optimal,1,30588,0,0,0
407,brimkov-outp,../inputs/case1951rte.graphml,1951,2375,651,4,7661,12653,1,441.0,441,0.0,Optimal,55,1998963,0,0,0
408,brimkov-outp,../inputs/case2383wp.graphml,2383,2886,552,1,11740,11498,4,1065.0,1065,0.0,Optimal,1,638405,0,0,0
409,brimkov-outp,../inputs/case2848rte.graphml,2848,3442,1023,9,9208,18829,3,585.0,585,0.0,Optimal,1,803099,0,0,0
410,brimkov-outp,../inputs/case_GBreduced29.graphml,29,50,0,0,158,58,1,29.0,29,0.0,Optimal,0,589,0,0,0
411,brimkov-outp,../inputs/case2746wp.graphml,2746,3274,704,5,8085,10617,1,687.0,687,0.0,Optimal,21,1853996,0,0,0
412,brimkov-outp,../inputs/case_iceland118.graphml,189,203,110,7,676,1300,0,39.0,39,0.0,Optimal,1,30771,0,0,0
413,brimkov-outp,../inputs/case_GB2224.graphml,2224,2804,1367,0,14114,22151,0,1016.0,1027,0.010710808179162609,Timeout,100055,900197658,0,0,0
414,brimkov-outp,../inputs/case2746wp.graphml,2746,3274,704,0,14051,13275,1,2046.0,2046,0.0,Optimal,1,257572,0,0,0
415,brimkov-outp,../inputs/case3375wp.graphml,3374,4068,889,10,9432,14407,3,816.0,816,0.0,Optimal,1,702607,0,0,0
416,brimkov-outp,../inputs/case9.graphml,9,9,4,1,43,47,2,3.0,3,0.0,Optimal,1,2133,0,0,0
417,brimkov-outp,../inputs/case_ieee30.graphml,30,41,7,2,134,154,3,8.0,8,0.0,Optimal,1,4178,0,0,0
418,brimkov-outp,../inputs/case145.graphml,145,422,71,11,895,2649,1,18.0,18,0.0,Optimal,229,442475,0,0,0
419,brimkov-outp,../inputs/case_Texas.graphml,2000,2667,376,11,5819,12085,4,412.0,412,0.0,Optimal,11,2205512,0,0,0
420,brimkov-outp,../inputs/case_iceland118.graphml,189,203,110,4,735,1310,2,41.0,41,0.0,Optimal,1,34475,0,0,0
421,brimkov-outp,../inputs/case89pegase.graphml,89,206,43,2,646,686,2,21.0,21,0.0,Optimal,1,50893,0,0,0
422,brimkov-outp,../inputs/case2869pegase.graphml,2869,3968,869,2,13592,15350,1,903.0,904,0.0011061946902654867,Timeout,148464,900180473,0,0,0
423,brimkov-outp,../inputs/case1888rte.graphml,1888,2308,681,5,7079,12222,4,393.0,393,0.0,Optimal,1427,3859450,0,0,0
424,brimkov-outp,../inputs/case2383wp.graphml,2383,2886,552,3,8358,10003,2,623.0,623,0.0,Optimal,1586,13362047,0,0,0
425,brimkov-outp,../inputs/case2383wp.graphml,2383,2886,552,1,11740,11498,0,1065.0,1065,0.0,Optimal,1,653483,0,0,0
426,brimkov-outp,../inputs/case2868rte.graphml,2868,3471,983,6,10230,19344,3,607.0,607,0.0,Optimal,313,3383121,0,0,0
427,brimkov-outp,../inputs/case300.graphml,300,409,66,3,1151,1193,2,81.0,81,0.0,Optimal,47,428614,0,0,0
428,brimkov-outp,../inputs/case2736sp.graphml,2736,3265,645,0,13906,13099,0,2096.0,2096,0.0,Optimal,1,276377,0,0,0
429,brimkov-outp,../inputs/case2383wp.graphml,2383,2886,552,9,6472,9619,3,594.0,594,0.0,Optimal,1,246160,0,0,0
430,brimkov-outp,../inputs/case57.graphml,57,78,15,5,166,188,3,12.0,12,0.0,Optimal,1,7880,0,0,0
431,brimkov-outp,../inputs/case3375wp.graphml,3374,4068,889,2,13601,15479,2,948.0,948,0.0,Optimal,68890,670580979,0,0,0
432,brimkov-outp,../inputs/case_illinois200.graphml,200,245,44,7,613,1151,4,40.0,40,0.0,Optimal,1,21632,0,0,0
433,brimkov-outp,../inputs/case_GBreduced29.graphml,29,50,0,1,158,58,3,15.0,15,0.0,Optimal,1,3536,0,0,0
434,brimkov-outp,../inputs/case9.graphml,9,9,4,3,28,41,4,2.0,2,0.0,Optimal,1,1377,0,0,0
435,brimkov-outp,../inputs/case1951rte.graphml,1951,2375,651,10,6213,12428,0,394.0,394,0.0,Optimal,1,481160,0,0,0
436,brimkov-outp,../inputs/case89pegase.graphml,89,206,43,13,370,641,1,13.0,13,0.0,Optimal,1,17051,0,0,0
437,brimkov-outp,../inputs/case118.graphml,118,179,11,1,627,408,2,56.0,56,0.0,Optimal,1,17595,0,0,0
438,brimkov-outp,../inputs/case300.graphml,300,409,66,0,1624,1422,1,236.0,236,0.0,Optimal,1,47658,0,0,0
439,brimkov-outp,../inputs/case_Texas.graphml,2000,2667,376,16,5689,12075,4,411.0,411,0.0,Optimal,685,4041535,0,0,0
440,brimkov-outp,../inputs/case2868rte.graphml,2868,3471,983,5,10656,19415,2,620.0,620,0.0,Optimal,2864,12176318,0,0,0
441,brimkov-outp,../inputs/case4gs.graphml,4,4,0,0,16,8,0,4.0,4,0.0,Optimal,0,1381,0,0,0
442,brimkov-outp,../inputs/case2746wop.graphml,2746,3300,709,1,13654,12951,4,1187.0,1187,0.0,Optimal,3563,6329710,0,0,0
443,brimkov-outp,../inputs/case1951rte.graphml,1951,2375,651,11,6169,12424,2,393.0,393,0.0,Optimal,1,422787,0,0,0
444,brimkov-outp,../inputs/case1888rte.graphml,1888,2308,681,1,9804,13221,4,864.0,864,0.0,Optimal,1,744336,0,0,0
445,brimkov-outp,../inputs/case_Texas.graphml,2000,2667,376,11,5819,12085,3,412.0,412,0.0,Optimal,11,2222951,0,0,0
446,brimkov-outp,../inputs/case1888rte.graphml,1888,2308,681,12,5950,12070,1,375.0,375,0.0,Optimal,1,343378,0,0,0
447,brimkov-outp,../inputs/case_GB2224.graphml,2224,2804,1367,8,8884,19965,0,323.0,323,0.0,Optimal,1919,17852478,0,0,0
448,brimkov-outp,../inputs/case1354pegase.graphml,1354,1710,422,11,3888,6608,2,311.0,311,0.0,Optimal,1,88234,0,0,0
449,brimkov-outp,../inputs/case1951rte.graphml,1951,2375,651,14,6068,12416,3,393.0,393,0.0,Optimal,1,274693,0,0,0
450,brimkov-outp,../inputs/case_Texas.graphml,2000,2667,376,6,6231,12133,0,444.0,444,0.0,Optimal,1490,7952104,0,0,0
451,brimkov-outp,../inputs/case2737sop.graphml,2737,3266,655,2,10597,11234,3,779.0,779,0.0,Optimal,1639,32302757,0,0,0
452,brimkov-outp,../inputs/case33bw.graphml,33,32,1,2,76,38,1,11.0,11,0.0,Optimal,0,607,0,0,0
453,brimkov-outp,../inputs/case2383wp.graphml,2383,2886,552,7,6614,9636,2,594.0,594,0.0,Optimal,1,354893,0,0,0
454,brimkov-outp,../inputs/case2868rte.graphml,2868,3471,983,0,15921,22062,4,1924.0,1924,0.0,Optimal,4627,11239503,0,0,0
455,brimkov-outp,../inputs/case6ww.graphml,6,11,1,4,25,18,2,1.0,1,0.0,Optimal,1,1465,0,0,0
456,brimkov-outp,../inputs/case2746wp.graphml,2746,3274,704,4,8585,10717,0,690.0,690,0.0,Optimal,1,1643977,0,0,0
457,brimkov-outp,../inputs/case1888rte.graphml,1888,2308,681,0,10539,13956,0,1244.0,1244,0.0,Optimal,2365,5846490,0,0,0
458,brimkov-outp,../inputs/case14.graphml,14,20,2,2,60,36,2,4.0,4,0.0,Optimal,1,1123,0,0,0
459,brimkov-outp,../inputs/case14.graphml,14,20,2,1,72,42,1,6.0,6,0.0,Optimal,1,2242,0,0,0
460,brimkov-outp,../inputs/case2869pegase.graphml,2869,3968,869,7,9154,14255,2,616.0,616,0.0,Optimal,1,701940,0,0,0
461,brimkov-outp,../inputs/case2869pegase.graphml,2869,3968,869,5,10232,14425,1,629.0,629,0.0,Optimal,1,1822829,0,0,0
462,brimkov-outp,../inputs/case2868rte.graphml,2868,3471,983,15,8995,19195,1,598.0,598,0.0,Optimal,1,560644,0,0,0
463,brimkov-outp,../inputs/case6ww.graphml,6,11,1,3,25,18,2,2.0,2,0.0,Optimal,1,823,0,0,0
464,brimkov-outp,../inputs/case300.graphml,300,409,66,7,842,1126,4,73.0,73,0.0,Optimal,1,26754,0,0,0
465,brimkov-outp,../inputs/case2848rte.graphml,2848,3442,1023,12,8975,18808,2,585.0,585,0.0,Optimal,1,571140,0,0,0
466,brimkov-outp,../inputs/case2736sp.graphml,2736,3265,645,6,7647,10399,3,682.0,682,0.0,Optimal,1,1493740,0,0,0
467,brimkov-outp,../inputs/case1951rte.graphml,1951,2375,651,5,7281,12577,0,417.0,417,0.0,Optimal,3028,6261485,0,0,0
468,brimkov-outp,../inputs/case2746wop.graphml,2746,3300,709,2,10828,11538,3,771.0,771,0.0,Optimal,3712,38074588,0,0,0
469,brimkov-outp,../inputs/case300.graphml,300,409,66,8,826,1124,0,72.0,72,0.0,Optimal,1,24657,0,0,0
470,brimkov-outp,../inputs/case89pegase.graphml,89,206,43,1,696,711,4,34.0,34,0.0,Optimal,1,30554,0,0,0
471,brimkov-outp,../inputs/case_iceland118.graphml,189,203,110,4,735,1310,3,41.0,41,0.0,Optimal,1,34591,0,0,0
472,brimkov-outp,../inputs/case5.graphml,5,6,0,2,16,7,4,2.0,2,0.0,Optimal,1,433,0,0,0
473,brimkov-outp,../inputs/case2737sop.graphml,2737,3266,655,9,7390,10402,0,683.0,683,0.0,Optimal,1,375408,0,0,0
474,brimkov-outp,../inputs/case_south_carolina500.graphml,500,584,211,2,2700,4897,4,120.0,120,0.0,Optimal,1,497549,0,0,0
475,brimkov-outp,../inputs/case1888rte.graphml,1888,2308,681,9,6084,12082,0,375.0,375,0.0,Optimal,1,412059,0,0,0
476,brimkov-outp,../inputs/case_GB2224.graphml,2224,2804,1367,6,9412,20037,3,329.0,329,0.0,Optimal,1580,17467961,0,0,0
477,brimkov-outp,../inputs/case1888rte.graphml,1888,2308,681,11,6010,12075,2,375.0,375,0.0,Optimal,1,341342,0,0,0
478,brimkov-outp,../inputs/case2746wp.graphml,2746,3274,704,8,7548,10534,3,684.0,684,0.0,Optimal,1,356143,0,0,0
479,brimkov-outp,../inputs/case2868rte.graphml,2868,3471,983,4,11166,19517,2,655.0,655,0.0,Optimal,3335,14977321,0,0,0
480,brimkov-outp,../inputs/case89pegase.graphml,89,206,43,0,710,725,0,47.0,47,0.0,Optimal,1,9204,0,0,0
481,brimkov-outp,../inputs/case118.graphml,118,179,11,0,634,415,0,107.0,107,0.0,Optimal,1,4933,0,0,0
482,brimkov-outp,../inputs/case300.graphml,300,409,66,0,1624,1422,4,236.0,236,0.0,Optimal,1,47375,0,0,0
483,brimkov-outp,../inputs/case2848rte.graphml,2848,3442,1023,10,9138,18822,2,585.0,585,0.0,Optimal,1,604498,0,0,0
484,brimkov-outp,../inputs/case_Texas.graphml,2000,2667,376,3,7763,12483,1,537.0,538,0.0018587360594795538,Timeout,40161,900064213,0,0,0
485,brimkov-outp,../inputs/case2746wp.graphml,2746,3274,704,2,10715,11361,1,775.0,775,0.0,Optimal,3028,23415137,0,0,0
486,brimkov-outp,../inputs/case9.graphml,9,9,4,0,46,50,3,5.0,5,0.0,Optimal,1,1476,0,0,0
487,brimkov-outp,../inputs/case30.graphml,30,41,7,6,88,123,0,6.0,6,0.0,Optimal,1,3446,0,0,0
488,brimkov-outp,../inputs/case57.graphml,57,78,15,3,209,198,4,12.0,12,0.0,Optimal,1,10940,0,0,0
489,brimkov-outp,../inputs/case9.graphml,9,9,4,0,46,50,2,5.0,5,0.0,Optimal,1,1594,0,0,0
490,brimkov-outp,../inputs/case145.graphml,145,422,71,0,1440,2775,3,91.0,91,0.0,Optimal,13559,3962709,0,0,0
491,brimkov-outp,../inputs/case89pegase.graphml,89,206,43,14,328,638,2,13.0,13,0.0,Optimal,1,11315,0,0,0
492,brimkov-outp,../inputs/case_Texas.graphml,2000,2667,376,14,5705,12076,3,411.0,411,0.0,Optimal,617,4422201,0,0,0
493,brimkov-outp,../inputs/case1951rte.graphml,1951,2375,651,12,6121,12420,2,393.0,393,0.0,Optimal,1,334836,0,0,0
494,brimkov-outp,../inputs/case_GB2224.graphml,2224,2804,1367,2,12033,20763,2,518.0,518,0.0,Optimal,3373,67348956,0,0,0
495,brimkov-outp,../inputs/case2869pegase.graphml,2869,3968,869,3,12092,14850,1,730.0,730,0.0,Optimal,2193,26031616,0,0,0
496,brimkov-outp,../inputs/case145.graphml,145,422,71,8,995,2659,3,18.0,18,0.0,Optimal,363,924004,0,0,0
497,brimkov-outp,../inputs/case_south_carolina500.graphml,500,584,211,1,2744,4919,3,181.0,181,0.0,Optimal,1,204101,0,0,0
498,brimkov-outp,../inputs/case2746wp.graphml,2746,3274,704,1,13559,12783,4,1194.0,1194,0.0,Optimal,2077,5164935,0,0,0
499,brimkov-outp,../inputs/case145.graphml,145,422,71,20,596,2630,1,18.0,18,0.0,Optimal,1,108805,0,0,0
500,brimkov-outp,../inputs/case2868rte.graphml,2868,3471,983,15,8995,19195,2,598.0,598,0.0,Optimal,1,567444,0,0,0
501,brimkov-outp,../inputs/case2746wop.graphml,2746,3300,709,9,7533,10684,4,677.0,677,0.0,Optimal,1,568291,0,0,0
502,brimkov-outp,../inputs/case33bw.graphml,33,32,1,1,126,63,3,17.0,17,0.0,Optimal,0,830,0,0,0
503,brimkov-outp,../inputs/case2848rte.graphml,2848,3442,1023,8,9415,18852,1,586.0,586,0.0,Optimal,1,1105098,0,0,0
504,brimkov-outp,../inputs/case145.graphml,145,422,71,17,709,2636,4,18.0,18,0.0,Optimal,18,346375,0,0,0
505,brimkov-outp,../inputs/case57.graphml,57,78,15,5,166,188,0,12.0,12,0.0,Optimal,1,9975,0,0,0
506,brimkov-outp,../inputs/case2848rte.graphml,2848,3442,1023,3,11726,19281,1,701.0,701,0.0,Optimal,1893,15339395,0,0,0
507,brimkov-outp,../inputs/case2848rte.graphml,2848,3442,1023,11,9083,18817,0,585.0,585,0.0,Optimal,1,689763,0,0,0
508,brimkov-outp,../inputs/case1951rte.graphml,1951,2375,651,8,6434,12452,1,397.0,397,0.0,Optimal,1,494258,0,0,0
509,brimkov-outp,../inputs/case2746wp.graphml,2746,3274,704,7,7612,10542,1,684.0,684,0.0,Optimal,1,631915,0,0,0
510,brimkov-outp,../inputs/case_GB2224.graphml,2224,2804,1367,14,8506,19927,2,322.0,322,0.0,Optimal,3454,13865777,0,0,0
511,brimkov-outp,../inputs/case14.graphml,14,20,2,1,72,42,3,6.0,6,0.0,Optimal,1,1932,0,0,0
512,brimkov-outp,../inputs/case3375wp.graphml,3374,4068,889,10,9432,14407,2,816.0,816,0.0,Optimal,1,708579,0,0,0
513,brimkov-outp,../inputs/case1354pegase.graphml,1354,1710,422,7,4207,6643,4,313.0,313,0.0,Optimal,1,178498,0,0,0
514,brimkov-outp,../inputs/case145.graphml,145,422,71,18,673,2634,2,18.0,18,0.0,Optimal,1,114747,0,0,0
515,brimkov-outp,../inputs/case_Texas.graphml,2000,2667,376,12,5771,12081,3,411.0,411,0.0,Optimal,16,3553246,0,0,0
516,brimkov-outp,../inputs/case2848rte.graphml,2848,3442,1023,8,9415,18852,2,586.0,586,0.0,Optimal,1,1113007,0,0,0
517,brimkov-outp,../inputs/case_illinois200.graphml,200,245,44,1,1002,1276,1,97.0,97,0.0,Optimal,1,36475,0,0,0
518,brimkov-outp,../inputs/case6ww.graphml,6,11,1,1,37,22,4,3.0,3,0.0,Optimal,1,1191,0,0,0
519,brimkov-outp,../inputs/case_south_carolina500.graphml,500,584,211,1,2744,4919,2,181.0,181,0.0,Optimal,1,204920,0,0,0
520,brimkov-outp,../inputs/case89pegase.graphml,89,206,43,8,511,654,3,13.0,13,0.0,Optimal,1,25523,0,0,0
521,brimkov-outp,../inputs/case96rts.graphml,73,108,9,3,273,206,3,20.0,20,0.0,Optimal,1,24798,0,0,0
522,brimkov-outp,../inputs/case2737sop.graphml,2737,3266,655,2,10597,11234,4,779.0,779,0.0,Optimal,1639,32139483,0,0,0
523,brimkov-outp,../inputs/case2869pegase.graphml,2869,3968,869,12,8403,14174,4,612.0,612,0.0,Optimal,1,354717,0,0,0
524,brimkov-outp,../inputs/case57.graphml,57,78,15,2,245,210,0,14.0,14,0.0,Optimal,1,14585,0,0,0
525,brimkov-outp,../inputs/case1951rte.graphml,1951,2375,651,6,6957,12523,2,406.0,406,0.0,Optimal,1,742822,0,0,0
526,brimkov-outp,../inputs/case_GBreduced29.graphml,29,50,0,1,158,58,2,15.0,15,0.0,Optimal,1,3556,0,0,0
527,brimkov-outp,../inputs/case2848rte.graphml,2848,3442,1023,4,11106,19126,0,637.0,637,0.0,Optimal,2834,15975895,0,0,0
528,brimkov-outp,../inputs/case2868rte.graphml,2868,3471,983,15,8995,19195,0,598.0,598,0.0,Optimal,1,575156,0,0,0
529,brimkov-outp,../inputs/case_GB2224.graphml,2224,2804,1367,12,8533,19929,3,322.0,322,0.0,Optimal,8009,20509115,0,0,0
530,brimkov-outp,../inputs/case118.graphml,118,179,11,9,276,297,0,29.0,29,0.0,Optimal,1,7917,0,0,0
531,brimkov-outp,../inputs/case6468rte.graphml,6468,8065,2384,2,30169,43936,0,1887.0,1887,0.0,Optimal,45816,428585282,0,0,0
532,brimkov-outp,../inputs/case2746wop.graphml,2746,3300,709,5,8123,10773,4,681.0,681,0.0,Optimal,104,1455974,0,0,0
533,brimkov-outp,../inputs/case89pegase.graphml,89,206,43,15,298,636,3,13.0,13,0.0,Optimal,1,7967,0,0,0
534,brimkov-outp,../inputs/case_Texas.graphml,2000,2667,376,3,7763,12483,3,537.0,538,0.0018587360594795538,Timeout,40108,900074763,0,0,0
535,brimkov-outp,../inputs/case2868rte.graphml,2868,3471,983,4,11166,19517,4,655.0,655,0.0,Optimal,3335,14977605,0,0,0
536,brimkov-outp,../inputs/case39.graphml,39,46,10,2,169,171,1,10.0,10,0.0,Optimal,1,7838,0,0,0
537,brimkov-outp,../inputs/case3375wp.graphml,3374,4068,889,7,9660,14434,0,816.0,816,0.0,Optimal,1,1819951,0,0,0
538,brimkov-outp,../inputs/case2848rte.graphml,2848,3442,1023,2,13103,19740,4,862.0,862,0.0,Optimal,1780,21009684,0,0,0
539,brimkov-outp,../inputs/case_illinois200.graphml,200,245,44,9,605,1150,2,39.0,39,0.0,Optimal,1,22078,0,0,0
540,brimkov-outp,../inputs/case2736sp.graphml,2736,3265,645,0,13906,13099,1,2096.0,2096,0.0,Optimal,1,269565,0,0,0
541,brimkov-outp,../inputs/case2848rte.graphml,2848,3442,1023,11,9083,18817,4,585.0,585,0.0,Optimal,1,678048,0,0,0
542,brimkov-outp,../inputs/case2746wop.graphml,2746,3300,709,3,9442,11076,0,698.0,698,0.0,Optimal,1829,10266065,0,0,0
543,brimkov-outp,../inputs/case9.graphml,9,9,4,2,37,44,1,2.0,2,0.0,Optimal,1,2531,0,0,0
544,brimkov-outp,../inputs/case2746wop.graphml,2746,3300,709,5,8123,10773,1,681.0,681,0.0,Optimal,104,1458015,0,0,0
545,brimkov-outp,../inputs/case145.graphml,145,422,71,11,895,2649,2,18.0,18,0.0,Optimal,229,443419,0,0,0
546,brimkov-outp,../inputs/case_GB2224.graphml,2224,2804,1367,3,10617,20291,0,410.0,410,0.0,Optimal,2039,35740672,0,0,0
547,brimkov-outp,../inputs/case2736sp.graphml,2736,3265,645,2,10583,11195,2,776.0,776,0.0,Optimal,1591,19536460,0,0,0
548,brimkov-outp,../inputs/case_ieee30.graphml,30,41,7,4,103,145,2,6.0,6,0.0,Optimal,1,3688,0,0,0
549,brimkov-outp,../inputs/case_Texas.graphml,2000,2667,376,16,5689,12075,3,411.0,411,0.0,Optimal,685,4038423,0,0,0
550,brimkov-outp,../inputs/case_iceland118.graphml,189,203,110,3,787,1323,3,44.0,44,0.0,Optimal,1,50705,0,0,0
551,brimkov-outp,../inputs/case2848rte.graphml,2848,3442,1023,12,8975,18808,3,585.0,585,0.0,Optimal,1,583202,0,0,0
552,brimkov-outp,../inputs/case2869pegase.graphml,2869,3968,869,15,8266,14164,3,612.0,612,0.0,Optimal,1,319019,0,0,0
553,brimkov-outp,../inputs/case145.graphml,145,422,71,9,950,2654,0,18.0,18,0.0,Optimal,648,894525,0,0,0
554,brimkov-outp,../inputs/case1951rte.graphml,1951,2375,651,2,8898,13030,2,616.0,616,0.0,Optimal,49,3811666,0,0,0
555,brimkov-outp,../inputs/case2848rte.graphml,2848,3442,1023,14,8947,18806,4,585.0,585,0.0,Optimal,1,596134,0,0,0
556,brimkov-outp,../inputs/case2383wp.graphml,2383,2886,552,3,8358,10003,1,623.0,623,0.0,Optimal,1586,13352072,0,0,0
557,brimkov-outp,../inputs/case2746wp.graphml,2746,3274,704,6,7773,10565,0,685.0,685,0.0,Optimal,1,639776,0,0,0
558,brimkov-outp,../inputs/case2868rte.graphml,2868,3471,983,1,14823,20964,0,1330.0,1330,0.0,Optimal,1,1575190,0,0,0
559,brimkov-outp,../inputs/case2869pegase.graphml,2869,3968,869,3,12092,14850,4,730.0,730,0.0,Optimal,2193,25976278,0,0,0
560,brimkov-outp,../inputs/case33bw.graphml,33,32,1,0,131,68,0,32.0,32,0.0,Optimal,0,1622,0,0,0
561,brimkov-outp,../inputs/case89pegase.graphml,89,206,43,5,557,661,2,14.0,14,0.0,Optimal,1,39060,0,0,0
562,brimkov-outp,../inputs/case24_ieee_rts.graphml,24,34,4,5,61,73,2,6.0,6,0.0,Optimal,1,1631,0,0,0
563,brimkov-outp,../inputs/case3375wp.graphml,3374,4068,889,11,9399,14404,3,816.0,816,0.0,Optimal,1,801777,0,0,0
564,brimkov-outp,../inputs/case_Texas.graphml,2000,2667,376,1,10567,13619,1,939.0,939,0.0,Optimal,3541,10498488,0,0,0
565,brimkov-outp,../inputs/case39.graphml,39,46,10,1,193,183,2,16.0,16,0.0,Optimal,1,4646,0,0,0
566,brimkov-outp,../inputs/case1354pegase.graphml,1354,1710,422,1,6747,7437,4,703.0,703,0.0,Optimal,1,264851,0,0,0
567,brimkov-outp,../inputs/case1354pegase.graphml,1354,1710,422,9,4031,6622,3,311.0,311,0.0,Optimal,1,106551,0,0,0
568,brimkov-outp,../inputs/case2383wp.graphml,2383,2886,552,8,6526,9625,3,594.0,594,0.0,Optimal,1,274420,0,0,0
569,brimkov-outp,../inputs/case2848rte.graphml,2848,3442,1023,3,11726,19281,3,701.0,701,0.0,Optimal,1893,15345971,0,0,0
570,brimkov-outp,../inputs/case9.graphml,9,9,4,3,28,41,1,2.0,2,0.0,Optimal,1,1685,0,0,0
571,brimkov-outp,../inputs/case6ww.graphml,6,11,1,4,25,18,1,1.0,1,0.0,Optimal,1,1660,0,0,0
572,brimkov-outp,../inputs/case2848rte.graphml,2848,3442,1023,14,8947,18806,2,585.0,585,0.0,Optimal,1,592768,0,0,0
573,brimkov-outp,../inputs/case2869pegase.graphml,2869,3968,869,13,8338,14169,1,612.0,612,0.0,Optimal,1,325956,0,0,0
574,brimkov-outp,../inputs/case2383wp.graphml,2383,2886,552,4,7582,9809,0,605.0,605,0.0,Optimal,1562,3659560,0,0,0
575,brimkov-outp,../inputs/case89pegase.graphml,89,206,43,0,710,725,1,47.0,47,0.0,Optimal,1,7498,0,0,0
576,brimkov-outp,../inputs/case_illinois200.graphml,200,245,44,2,892,1221,4,68.0,68,0.0,Optimal,1,51930,0,0,0
577,brimkov-outp,../inputs/case1951rte.graphml,1951,2375,651,8,6434,12452,4,397.0,397,0.0,Optimal,1,497379,0,0,0
578,brimkov-outp,../inputs/case2383wp.graphml,2383,2886,552,5,7107,9714,1,596.0,596,0.0,Optimal,21,1195368,0,0,0
579,brimkov-outp,../inputs/case_Texas.graphml,2000,2667,376,13,5719,12077,1,411.0,411,0.0,Optimal,617,4045146,0,0,0
580,brimkov-outp,../inputs/case_GBreduced29.graphml,29,50,0,3,109,40,1,8.0,8,0.0,Optimal,1,2986,0,0,0
581,brimkov-outp,../inputs/case57.graphml,57,78,15,0,310,243,1,42.0,42,0.0,Optimal,1,3613,0,0,0
582,brimkov-outp,../inputs/case1354pegase.graphml,1354,1710,422,11,3888,6608,3,311.0,311,0.0,Optimal,1,88002,0,0,0
583,brimkov-outp,../inputs/case_iceland118.graphml,189,203,110,3,787,1323,4,44.0,44,0.0,Optimal,1,49822,0,0,0
584,brimkov-outp,../inputs/case39.graphml,39,46,10,3,127,157,2,9.0,9,0.0,Optimal,1,3937,0,0,0
585,brimkov-outp,../inputs/case2869pegase.graphml,2869,3968,869,11,8475,14180,3,612.0,612,0.0,Optimal,1,424084,0,0,0
586,brimkov-outp,../inputs/case89pegase.graphml,89,206,43,15,298,636,4,13.0,13,0.0,Optimal,1,7927,0,0,0
587,brimkov-outp,../inputs/case_GB2224.graphml,2224,2804,1367,0,14114,22151,3,1016.0,1027,0.010710808179162609,Timeout,99516,900214486,0,0,0
588,brimkov-outp,../inputs/case3012wp.graphml,3012,3566,726,4,9247,11346,2,762.0,762,0.0,Optimal,798,3282572,0,0,0
589,brimkov-outp,../inputs/case2868rte.graphml,2868,3471,983,1,14823,20964,2,1330.0,1330,0.0,Optimal,1,1544782,0,0,0
590,brimkov-outp,../inputs/case39.graphml,39,46,10,3,127,157,4,9.0,9,0.0,Optimal,1,3909,0,0,0
591,brimkov-outp,../inputs/case1888rte.graphml,1888,2308,681,10,6054,12079,2,375.0,375,0.0,Optimal,1,382282,0,0,0
592,brimkov-outp,../inputs/case300.graphml,300,409,66,4,983,1151,3,76.0,76,0.0,Optimal,1,55744,0,0,0
593,brimkov-outp,../inputs/case_south_carolina500.graphml,500,584,211,7,1925,4689,1,78.0,78,0.0,Optimal,1,144227,0,0,0
594,brimkov-outp,../inputs/case145.graphml,145,422,71,14,774,2640,2,18.0,18,0.0,Optimal,1,274721,0,0,0
595,brimkov-outp,../inputs/case145.graphml,145,422,71,15,759,2639,1,18.0,18,0.0,Optimal,42,253758,0,0,0
596,brimkov-outp,../inputs/case2869pegase.graphml,2869,3968,869,4,11032,14585,0,662.0,662,0.0,Optimal,1784,16108402,0,0,0
597,brimkov-outp,../inputs/case96rts.graphml,73,108,9,2,333,226,1,22.0,22,0.0,Optimal,1,17612,0,0,0
598,brimkov-outp,../inputs/case_south_carolina500.graphml,500,584,211,5,2060,4710,1,83.0,83,0.0,Optimal,1,277905,0,0,0
599,brimkov-outp,../inputs/case_Texas.graphml,2000,2667,376,10,5863,12089,2,413.0,413,0.0,Optimal,112,2464139,0,0,0
600,brimkov-outp,../inputs/case14.graphml,14,20,2,5,33,29,4,3.0,3,0.0,Optimal,0,485,0,0,0
601,brimkov-outp,../inputs/case1951rte.graphml,1951,2375,651,8,6434,12452,3,397.0,397,0.0,Optimal,1,490904,0,0,0
602,brimkov-outp,../inputs/case2736sp.graphml,2736,3265,645,5,7923,10445,0,684.0,684,0.0,Optimal,50,1593466,0,0,0
603,brimkov-outp,../inputs/case_south_carolina500.graphml,500,584,211,12,1865,4682,2,75.0,75,0.0,Optimal,1,79331,0,0,0
604,brimkov-outp,../inputs/case2868rte.graphml,2868,3471,983,16,8979,19194,4,598.0,598,0.0,Optimal,1,604847,0,0,0
605,brimkov-outp,../inputs/case_illinois200.graphml,200,245,44,10,595,1149,3,39.0,39,0.0,Optimal,1,19941,0,0,0
606,brimkov-outp,../inputs/case3012wp.graphml,3012,3566,726,1,14686,13608,0,1323.0,1323,0.0,Optimal,11,1747844,0,0,0
607,brimkov-outp,../inputs/case2848rte.graphml,2848,3442,1023,4,11106,19126,2,637.0,637,0.0,Optimal,2834,15979789,0,0,0
608,brimkov-outp,../inputs/case300.graphml,300,409,66,7,842,1126,0,73.0,73,0.0,Optimal,1,29721,0,0,0
609,brimkov-outp,../inputs/case2868rte.graphml,2868,3471,983,9,9259,19218,4,598.0,598,0.0,Optimal,1,642137,0,0,0
610,brimkov-outp,../inputs/case300.graphml,300,409,66,7,842,1126,1,73.0,73,0.0,Optimal,1,26833,0,0,0
611,brimkov-outp,../inputs/case_ieee30.graphml,30,41,7,7,85,142,2,6.0,6,0.0,Optimal,1,2374,0,0,0
612,brimkov-outp,../inputs/case_illinois200.graphml,200,245,44,8,605,1150,2,39.0,39,0.0,Optimal,1,22065,0,0,0
613,brimkov-outp,../inputs/case_south_carolina500.graphml,500,584,211,8,1893,4685,3,76.0,76,0.0,Optimal,1,95191,0,0,0
614,brimkov-outp,../inputs/case2736sp.graphml,2736,3265,645,1,13421,12614,0,1204.0,1204,0.0,Optimal,2112,4220112,0,0,0
615,brimkov-outp,../inputs/case_illinois200.graphml,200,245,44,10,595,1149,2,39.0,39,0.0,Optimal,1,19996,0,0,0
616,brimkov-outp,../inputs/case3120sp.graphml,3120,3684,798,0,15870,14984,4,2328.0,2328,0.0,Optimal,1,300262,0,0,0
617,brimkov-outp,../inputs/case_south_carolina500.graphml,500,584,211,13,1865,4682,4,75.0,75,0.0,Optimal,1,75548,0,0,0
618,brimkov-outp,../inputs/case89pegase.graphml,89,206,43,7,519,655,3,13.0,13,0.0,Optimal,1,22599,0,0,0
619,brimkov-outp,../inputs/case89pegase.graphml,89,206,43,10,455,648,0,13.0,13,0.0,Optimal,1,29148,0,0,0
620,brimkov-outp,../inputs/case33bw.graphml,33,32,1,2,76,38,2,11.0,11,0.0,Optimal,0,540,0,0,0
621,brimkov-outp,../inputs/case145.graphml,145,422,71,13,844,2645,2,18.0,18,0.0,Optimal,1,216340,0,0,0
622,brimkov-outp,../inputs/case1354pegase.graphml,1354,1710,422,5,4718,6724,2,322.0,322,0.0,Optimal,1,293797,0,0,0
623,brimkov-outp,../inputs/case1951rte.graphml,1951,2375,651,9,6263,12433,0,396.0,396,0.0,Optimal,1,469774,0,0,0
624,brimkov-outp,../inputs/case2746wp.graphml,2746,3274,704,9,7503,10529,3,684.0,684,0.0,Optimal,1,355559,0,0,0
625,brimkov-outp,../inputs/case89pegase.graphml,89,206,43,13,370,641,4,13.0,13,0.0,Optimal,1,16433,0,0,0
626,brimkov-outp,../inputs/case_south_carolina500.graphml,500,584,211,6,1988,4698,2,80.0,80,0.0,Optimal,1,161333,0,0,0
627,brimkov-outp,../inputs/case6468rte.graphml,6468,8065,2384,1,34403,46053,2,2916.0,2916,0.0,Optimal,1691,23512474,0,0,0
628,brimkov-outp,../inputs/case_south_carolina500.graphml,500,584,211,10,1865,4682,0,75.0,75,0.0,Optimal,1,68297,0,0,0
629,brimkov-outp,../inputs/case_illinois200.graphml,200,245,44,8,605,1150,3,39.0,39,0.0,Optimal,1,21858,0,0,0
630,brimkov-outp,../inputs/case4gs.graphml,4,4,0,0,16,8,2,4.0,4,0.0,Optimal,0,208,0,0,0
631,brimkov-outp,../inputs/case1354pegase.graphml,1354,1710,422,9,4031,6622,4,311.0,311,0.0,Optimal,1,106702,0,0,0
632,brimkov-outp,../inputs/case30.graphml,30,41,7,1,160,149,3,13.0,13,0.0,Optimal,1,4732,0,0,0
633,brimkov-outp,../inputs/case14.graphml,14,20,2,3,54,34,3,3.0,3,0.0,Optimal,1,1033,0,0,0
634,brimkov-outp,../inputs/case2869pegase.graphml,2869,3968,869,12,8403,14174,1,612.0,612,0.0,Optimal,1,476559,0,0,0
635,brimkov-outp,../inputs/case2737sop.graphml,2737,3266,655,4,8472,10591,2,690.0,690,0.0,Optimal,2627,6415180,0,0,0
636,brimkov-outp,../inputs/case4gs.graphml,4,4,0,0,16,8,1,4.0,4,0.0,Optimal,0,277,0,0,0
637,brimkov-outp,../inputs/case3120sp.graphml,3120,3684,798,1,15305,14419,0,1353.0,1353,0.0,Optimal,1531,3782531,0,0,0
638,brimkov-outp,../inputs/case2737sop.graphml,2737,3266,655,8,7435,10407,4,683.0,683,0.0,Optimal,1,354921,0,0,0
639,brimkov-outp,../inputs/case145.graphml,145,422,71,12,883,2648,3,18.0,18,0.0,Optimal,171,367589,0,0,0
640,brimkov-outp,../inputs/case_Texas.graphml,2000,2667,376,9,5973,12100,3,417.0,417,0.0,Optimal,2927,22849895,0,0,0
641,brimkov-outp,../inputs/case2736sp.graphml,2736,3265,645,5,7923,10445,1,684.0,684,0.0,Optimal,50,1581827,0,0,0
642,brimkov-outp,../inputs/case3120sp.graphml,3120,3684,798,8,8565,11871,1,768.0,768,0.0,Optimal,1,1160741,0,0,0
643,brimkov-outp,../inputs/case30.graphml,30,41,7,7,81,122,3,6.0,6,0.0,Optimal,1,1781,0,0,0
644,brimkov-outp,../inputs/case_GB2224.graphml,2224,2804,1367,11,8557,19931,2,322.0,322,0.0,Optimal,2951,12733366,0,0,0
645,brimkov-outp,../inputs/case2737sop.graphml,2737,3266,655,4,8472,10591,0,690.0,690,0.0,Optimal,2627,6407142,0,0,0
646,brimkov-outp,../inputs/case2848rte.graphml,2848,3442,1023,13,8975,18808,0,585.0,585,0.0,Optimal,1,578505,0,0,0
647,brimkov-outp,../inputs/case2746wp.graphml,2746,3274,704,4,8585,10717,1,690.0,690,0.0,Optimal,1,1630099,0,0,0
648,brimkov-outp,../inputs/case96rts.graphml,73,108,9,5,175,183,4,19.0,19,0.0,Optimal,1,4318,0,0,0
649,brimkov-outp,../inputs/case_south_carolina500.graphml,500,584,211,7,1925,4689,4,78.0,78,0.0,Optimal,1,143227,0,0,0
650,brimkov-outp,../inputs/case_iceland118.graphml,189,203,110,5,720,1307,4,40.0,40,0.0,Optimal,1,40253,0,0,0
651,brimkov-outp,../inputs/case57.graphml,57,78,15,1,309,242,4,22.0,22,0.0,Optimal,1,6416,0,0,0
652,brimkov-outp,../inputs/case_GB2224.graphml,2224,2804,1367,2,12033,20763,0,518.0,518,0.0,Optimal,3373,68154771,0,0,0
653,brimkov-outp,../inputs/case_Texas.graphml,2000,2667,376,2,9359,13015,2,647.0,647,0.0,Optimal,2550,28286341,0,0,0
654,brimkov-outp,../inputs/case1888rte.graphml,1888,2308,681,6,6755,12168,2,382.0,382,0.0,Optimal,1,706931,0,0,0
655,brimkov-outp,../inputs/case118.graphml,118,179,11,5,343,307,3,29.0,29,0.0,Optimal,1,11211,0,0,0
656,brimkov-outp,../inputs/case3375wp.graphml,3374,4068,889,11,9399,14404,1,816.0,816,0.0,Optimal,1,799148,0,0,0
657,brimkov-outp,../inputs/case118.graphml,118,179,11,3,458,333,4,31.0,31,0.0,Optimal,1,54289,0,0,0
658,brimkov-outp,../inputs/case_Texas.graphml,2000,2667,376,0,11023,14075,2,1624.0,1624,0.0,Optimal,1,201532,0,0,0
659,brimkov-outp,../inputs/case89pegase.graphml,89,206,43,15,298,636,2,13.0,13,0.0,Optimal,1,8262,0,0,0
660,brimkov-outp,../inputs/case2868rte.graphml,2868,3471,983,7,9810,19284,3,600.0,600,0.0,Optimal,1,1180087,0,0,0
661,brimkov-outp,../inputs/case_GB2224.graphml,2224,2804,1367,2,12033,20763,3,518.0,518,0.0,Optimal,3373,67455988,0,0,0
662,brimkov-outp,../inputs/case2737sop.graphml,2737,3266,655,0,13922,13139,4,2087.0,2087,0.0,Optimal,1,353017,0,0,0
663,brimkov-outp,../inputs/case_iceland118.graphml,189,203,110,7,676,1300,4,39.0,39,0.0,Optimal,1,27598,0,0,0
664,brimkov-outp,../inputs/case1888rte.graphml,1888,2308,681,4,7459,12298,4,416.0,416,0.0,Optimal,4987,12101727,0,0,0
665,brimkov-outp,../inputs/case3012wp.graphml,3012,3566,726,7,8222,11160,3,755.0,755,0.0,Optimal,1,485236,0,0,0
666,brimkov-outp,../inputs/case39.graphml,39,46,10,5,110,153,3,9.0,9,0.0,Optimal,1,2818,0,0,0
667,brimkov-outp,../inputs/case3375wp.graphml,3374,4068,889,3,11810,14882,4,851.0,851,0.0,Optimal,4209,53799951,0,0,0
668,brimkov-outp,../inputs/case145.graphml,145,422,71,10,950,2654,3,18.0,18,0.0,Optimal,409,585078,0,0,0
669,brimkov-outp,../inputs/case_Texas.graphml,2000,2667,376,8,6045,12108,0,423.0,423,0.0,Optimal,1569,7735210,0,0,0
670,brimkov-outp,../inputs/case3375wp.graphml,3374,4068,889,3,11810,14882,3,851.0,851,0.0,Optimal,4209,54310522,0,0,0
671,brimkov-outp,../inputs/case6ww.graphml,6,11,1,2,37,22,0,2.0,2,0.0,Optimal,1,2224,0,0,0
672,brimkov-outp,../inputs/case_iceland118.graphml,189,203,110,5,720,1307,2,40.0,40,0.0,Optimal,1,40193,0,0,0
673,brimkov-outp,../inputs/case2848rte.graphml,2848,3442,1023,7,9775,18897,3,587.0,587,0.0,Optimal,17,1652480,0,0,0
674,brimkov-outp,../inputs/case2383wp.graphml,2383,2886,552,9,6472,9619,0,594.0,594,0.0,Optimal,1,252393,0,0,0
675,brimkov-outp,../inputs/case3120sp.graphml,3120,3684,798,9,8502,11864,2,768.0,768,0.0,Optimal,1,730484,0,0,0
676,brimkov-outp,../inputs/case_south_carolina500.graphml,500,584,211,13,1865,4682,3,75.0,75,0.0,Optimal,1,74585,0,0,0
677,brimkov-outp,../inputs/case2868rte.graphml,2868,3471,983,0,15921,22062,2,1924.0,1924,0.0,Optimal,4627,11243219,0,0,0
678,brimkov-outp,../inputs/case2869pegase.graphml,2869,3968,869,11,8475,14180,0,612.0,612,0.0,Optimal,1,436495,0,0,0
679,brimkov-outp,../inputs/case2869pegase.graphml,2869,3968,869,14,8296,14166,3,612.0,612,0.0,Optimal,1,326208,0,0,0
680,brimkov-outp,../inputs/case1888rte.graphml,1888,2308,681,13,5937,12069,2,375.0,375,0.0,Optimal,1,329829,0,0,0
681,brimkov-outp,../inputs/case1354pegase.graphml,1354,1710,422,0,7269,7959,0,969.0,969,0.0,Optimal,1,173435,0,0,0
682,brimkov-outp,../inputs/case145.graphml,145,422,71,14,774,2640,1,18.0,18,0.0,Optimal,1,277215,0,0,0
683,brimkov-outp,../inputs/case_GB2224.graphml,2224,2804,1367,9,8704,19945,1,322.0,322,0.0,Optimal,1827,18266000,0,0,0
684,brimkov-outp,../inputs/case_ieee30.graphml,30,41,7,0,167,172,0,23.0,23,0.0,Optimal,1,3416,0,0,0
685,brimkov-outp,../inputs/case_illinois200.graphml,200,245,44,6,634,1154,3,42.0,42,0.0,Optimal,1,36155,0,0,0
686,brimkov-outp,../inputs/case2869pegase.graphml,2869,3968,869,1,15446,16277,4,1395.0,1395,0.0,Optimal,2381,6638054,0,0,0
687,brimkov-outp,../inputs/case145.graphml,145,422,71,18,673,2634,0,18.0,18,0.0,Optimal,1,119560,0,0,0
688,brimkov-outp,../inputs/case2868rte.graphml,2868,3471,983,5,10656,19415,1,620.0,620,0.0,Optimal,2864,12173101,0,0,0
689,brimkov-outp,../inputs/case_Texas.graphml,2000,2667,376,6,6231,12133,2,444.0,444,0.0,Optimal,1490,7937371,0,0,0
690,brimkov-outp,../inputs/case2848rte.graphml,2848,3442,1023,2,13103,19740,2,862.0,862,0.0,Optimal,1780,21006884,0,0,0
691,brimkov-outp,../inputs/case30.graphml,30,41,7,1,160,149,0,13.0,13,0.0,Optimal,1,6660,0,0,0
692,brimkov-outp,../inputs/case1951rte.graphml,1951,2375,651,7,6642,12478,4,401.0,401,0.0,Optimal,1,500451,0,0,0
693,brimkov-outp,../inputs/case1888rte.graphml,1888,2308,681,12,5950,12070,4,375.0,375,0.0,Optimal,1,341248,0,0,0
694,brimkov-outp,../inputs/case145.graphml,145,422,71,1,1429,2764,3,55.0,55,0.0,Optimal,2510,1278499,0,0,0
695,brimkov-outp,../inputs/case30.graphml,30,41,7,7,81,122,1,6.0,6,0.0,Optimal,1,2029,0,0,0
696,brimkov-outp,../inputs/case5.graphml,5,6,0,2,16,7,2,2.0,2,0.0,Optimal,1,421,0,0,0
697,brimkov-outp,../inputs/case5.graphml,5,6,0,0,22,10,3,5.0,5,0.0,Optimal,0,230,0,0,0
698,brimkov-outp,../inputs/case57.graphml,57,78,15,6,154,186,2,12.0,12,0.0,Optimal,1,4870,0,0,0
699,brimkov-outp,../inputs/case89pegase.graphml,89,206,43,6,533,657,2,13.0,13,0.0,Optimal,1,27459,0,0,0
700,brimkov-outp,../inputs/case3012wp.graphml,3012,3566,726,10,8104,11146,2,755.0,755,0.0,Optimal,1,371464,0,0,0
701,brimkov-outp,../inputs/case145.graphml,145,422,71,18,673,2634,3,18.0,18,0.0,Optimal,1,114976,0,0,0
702,brimkov-outp,../inputs/case2746wop.graphml,2746,3300,709,0,14133,13430,4,2041.0,2041,0.0,Optimal,1,271504,0,0,0
703,brimkov-outp,../inputs/case3120sp.graphml,3120,3684,798,9,8502,11864,4,768.0,768,0.0,Optimal,1,728380,0,0,0
704,brimkov-outp,../inputs/case3120sp.graphml,3120,3684,798,8,8565,11871,3,768.0,768,0.0,Optimal,1,1164456,0,0,0
705,brimkov-outp,../inputs/case9.graphml,9,9,4,0,46,50,1,5.0,5,0.0,Optimal,1,1805,0,0,0
706,brimkov-outp,../inputs/case2736sp.graphml,2736,3265,645,3,9242,10748,0,702.0,702,0.0,Optimal,2062,11709803,0,0,0
707,brimkov-outp,../inputs/case2737sop.graphml,2737,3266,655,6,7661,10438,4,683.0,683,0.0,Optimal,1,548566,0,0,0
708,brimkov-outp,../inputs/case57.graphml,57,78,15,4,181,191,3,12.0,12,0.0,Optimal,1,7865,0,0,0
709,brimkov-outp,../inputs/case11_iwamoto.graphml,11,11,6,4,37,60,0,2.0,2,0.0,Optimal,1,3013,0,0,0
710,brimkov-outp,../inputs/case1951rte.graphml,1951,2375,651,3,8085,12759,0,499.0,499,0.0,Optimal,2157,7585474,0,0,0
711,brimkov-outp,../inputs/case5.graphml,5,6,0,3,10,5,3,2.0,2,0.0,Optimal,0,226,0,0,0
712,brimkov-outp,../inputs/case2869pegase.graphml,2869,3968,869,13,8338,14169,4,612.0,612,0.0,Optimal,1,326234,0,0,0
713,brimkov-outp,../inputs/case24_ieee_rts.graphml,24,34,4,2,110,87,2,7.0,7,0.0,Optimal,1,2981,0,0,0
714,brimkov-outp,../inputs/case1354pegase.graphml,1354,1710,422,1,6747,7437,0,703.0,703,0.0,Optimal,1,270869,0,0,0
715,brimkov-outp,../inputs/case_ieee30.graphml,30,41,7,6,92,143,4,6.0,6,0.0,Optimal,1,2854,0,0,0
716,brimkov-outp,../inputs/case24_ieee_rts.graphml,24,34,4,0,129,97,1,20.0,20,0.0,Optimal,1,2468,0,0,0
717,brimkov-outp,../inputs/case30.graphml,30,41,7,5,94,124,1,6.0,6,0.0,Optimal,1,2690,0,0,0
718,brimkov-outp,../inputs/case2848rte.graphml,2848,3442,1023,6,10167,18953,0,593.0,593,0.0,Optimal,734,3749615,0,0,0
719,brimkov-outp,../inputs/case118.graphml,118,179,11,0,634,415,4,107.0,107,0.0,Optimal,1,3353,0,0,0
720,brimkov-outp,../inputs/case1888rte.graphml,1888,2308,681,3,7871,12401,3,465.0,465,0.0,Optimal,1807,8280051,0,0,0
721,brimkov-outp,../inputs/case89pegase.graphml,89,206,43,9,475,650,4,13.0,13,0.0,Optimal,1,22282,0,0,0
722,brimkov-outp,../inputs/case1888rte.graphml,1888,2308,681,2,8750,12694,4,570.0,570,0.0,Optimal,2478,10938532,0,0,0
723,brimkov-outp,../inputs/case2737sop.graphml,2737,3266,655,7,7507,10416,4,683.0,683,0.0,Optimal,1,495453,0,0,0
724,brimkov-outp,../inputs/case2869pegase.graphml,2869,3968,869,2,13592,15350,4,903.0,904,0.0011061946902654867,Timeout,148526,900180861,0,0,0
725,brimkov-outp,../inputs/case2746wp.graphml,2746,3274,704,6,7773,10565,4,685.0,685,0.0,Optimal,1,622464,0,0,0
726,brimkov-outp,../inputs/case2868rte.graphml,2868,3471,983,11,9133,19206,4,598.0,598,0.0,Optimal,1,624975,0,0,0
727,brimkov-outp,../inputs/case2737sop.graphml,2737,3266,655,6,7661,10438,0,683.0,683,0.0,Optimal,1,563067,0,0,0
728,brimkov-outp,../inputs/case_iceland118.graphml,189,203,110,7,676,1300,1,39.0,39,0.0,Optimal,1,27696,0,0,0
729,brimkov-outp,../inputs/case3375wp.graphml,3374,4068,889,8,9524,14417,0,816.0,816,0.0,Optimal,1,756952,0,0,0
730,brimkov-outp,../inputs/case_iceland118.graphml,189,203,110,7,676,1300,2,39.0,39,0.0,Optimal,1,28180,0,0,0
731,brimkov-outp,../inputs/case2736sp.graphml,2736,3265,645,9,7376,10363,3,682.0,682,0.0,Optimal,1,467621,0,0,0
732,brimkov-outp,../inputs/case_Texas.graphml,2000,2667,376,12,5771,12081,4,411.0,411,0.0,Optimal,16,3528952,0,0,0
733,brimkov-outp,../inputs/case_ieee30.graphml,30,41,7,5,98,144,0,6.0,6,0.0,Optimal,1,5394,0,0,0
734,brimkov-outp,../inputs/case_south_carolina500.graphml,500,584,211,2,2700,4897,2,120.0,120,0.0,Optimal,1,497432,0,0,0
735,brimkov-outp,../inputs/case_south_carolina500.graphml,500,584,211,4,2180,4734,1,89.0,89,0.0,Optimal,489,1205941,0,0,0
736,brimkov-outp,../inputs/case6ww.graphml,6,11,1,0,37,22,3,5.0,5,0.0,Optimal,1,813,0,0,0
737,brimkov-outp,../inputs/case39.graphml,39,46,10,3,127,157,3,9.0,9,0.0,Optimal,1,3901,0,0,0
738,brimkov-outp,../inputs/case2868rte.graphml,2868,3471,983,12,9037,19198,3,598.0,598,0.0,Optimal,1,616727,0,0,0
739,brimkov-outp,../inputs/case1354pegase.graphml,1354,1710,422,4,5043,6789,3,340.0,340,0.0,Optimal,12,773233,0,0,0
740,brimkov-outp,../inputs/case_GB2224.graphml,2224,2804,1367,10,8634,19938,2,322.0,322,0.0,Optimal,1932,18859027,0,0,0
741,brimkov-outp,../inputs/case2848rte.graphml,2848,3442,1023,7,9775,18897,0,587.0,587,0.0,Optimal,17,1678498,0,0,0
742,brimkov-outp,../inputs/case1951rte.graphml,1951,2375,651,14,6068,12416,4,393.0,393,0.0,Optimal,1,272900,0,0,0
743,brimkov-outp,../inputs/case145.graphml,145,422,71,16,743,2638,4,18.0,18,0.0,Optimal,1,276554,0,0,0
744,brimkov-outp,../inputs/case2869pegase.graphml,2869,3968,869,8,8938,14228,1,613.0,613,0.0,Optimal,1,649902,0,0,0
745,brimkov-outp,../inputs/case6468rte.graphml,6468,8065,2384,0,36499,48149,4,4204.0,4204,0.0,Optimal,1674,49160730,0,0,0
746,brimkov-outp,../inputs/case2746wop.graphml,2746,3300,709,4,8658,10880,4,683.0,683,0.0,Optimal,3891,10439547,0,0,0
747,brimkov-outp,../inputs/case3012wp.graphml,3012,3566,726,8,8150,11151,4,755.0,755,0.0,Optimal,1,513468,0,0,0
748,brimkov-outp,../inputs/case_Texas.graphml,2000,2667,376,5,6369,12156,0,462.0,462,0.0,Optimal,3103,34101571,0,0,0
749,brimkov-outp,../inputs/case_GB2224.graphml,2224,2804,1367,9,8704,19945,0,322.0,322,0.0,Optimal,1827,18205853,0,0,0
750,brimkov-outp,../inputs/case300.graphml,300,409,66,3,1151,1193,0,81.0,81,0.0,Optimal,47,433565,0,0,0
751,brimkov-outp,../inputs/case_iceland118.graphml,189,203,110,4,735,1310,0,41.0,41,0.0,Optimal,1,38228,0,0,0
752,brimkov-outp,../inputs/case2383wp.graphml,2383,2886,552,8,6526,9625,0,594.0,594,0.0,Optimal,1,280710,0,0,0
753,brimkov-outp,../inputs/case_illinois200.graphml,200,245,44,9,605,1150,0,39.0,39,0.0,Optimal,1,24533,0,0,0
754,brimkov-outp,../inputs/case1951rte.graphml,1951,2375,651,3,8085,12759,1,499.0,499,0.0,Optimal,2157,7570887,0,0,0
755,brimkov-outp,../inputs/case1951rte.graphml,1951,2375,651,4,7661,12653,3,441.0,441,0.0,Optimal,55,2000865,0,0,0
756,brimkov-outp,../inputs/case2868rte.graphml,2868,3471,983,2,13113,20109,0,882.0,882,0.0,Optimal,1759,23190764,0,0,0
757,brimkov-outp,../inputs/case2848rte.graphml,2848,3442,1023,12,8975,18808,4,585.0,585,0.0,Optimal,1,579342,0,0,0
758,brimkov-outp,../inputs/case145.graphml,145,422,71,2,1365,2732,1,35.0,35,0.0,Optimal,1481,890654,0,0,0
759,brimkov-outp,../inputs/case2869pegase.graphml,2869,3968,869,15,8266,14164,4,612.0,612,0.0,Optimal,1,319235,0,0,0
760,brimkov-outp,../inputs/case4gs.graphml,4,4,0,1,16,8,3,2.0,2,0.0,Optimal,1,470,0,0,0
761,brimkov-outp,../inputs/case14.graphml,14,20,2,4,38,30,2,3.0,3,0.0,Optimal,0,547,0,0,0
762,brimkov-outp,../inputs/case_GB2224.graphml,2224,2804,1367,6,9412,20037,0,329.0,329,0.0,Optimal,1580,17508947,0,0,0
763,brimkov-outp,../inputs/case118.graphml,118,179,11,6,307,301,2,29.0,29,0.0,Optimal,1,9394,0,0,0
764,brimkov-outp,../inputs/case_ieee30.graphml,30,41,7,5,98,144,4,6.0,6,0.0,Optimal,1,3526,0,0,0
765,brimkov-outp,../inputs/case_illinois200.graphml,200,245,44,0,1074,1348,4,156.0,156,0.0,Optimal,1,13585,0,0,0
766,brimkov-outp,../inputs/case24_ieee_rts.graphml,24,34,4,3,83,78,0,6.0,6,0.0,Optimal,1,4017,0,0,0
767,brimkov-outp,../inputs/case3120sp.graphml,3120,3684,798,5,9150,11962,4,770.0,770,0.0,Optimal,5443,12679290,0,0,0
768,brimkov-outp,../inputs/case_Texas.graphml,2000,2667,376,15,5705,12076,4,411.0,411,0.0,Optimal,1079,5780228,0,0,0
769,brimkov-outp,../inputs/case89pegase.graphml,89,206,43,6,533,657,1,13.0,13,0.0,Optimal,1,27611,0,0,0
770,brimkov-outp,../inputs/case6ww.graphml,6,11,1,3,25,18,0,2.0,2,0.0,Optimal,1,2097,0,0,0
771,brimkov-outp,../inputs/case3375wp.graphml,3374,4068,889,7,9660,14434,4,816.0,816,0.0,Optimal,1,1783254,0,0,0
772,brimkov-outp,../inputs/case_GBreduced29.graphml,29,50,0,6,58,29,1,7.0,7,0.0,Optimal,1,1431,0,0,0
773,brimkov-outp,../inputs/case145.graphml,145,422,71,12,883,2648,4,18.0,18,0.0,Optimal,171,367514,0,0,0
774,brimkov-outp,../inputs/case96rts.graphml,73,108,9,1,389,254,0,33.0,33,0.0,Optimal,1,12757,0,0,0
775,brimkov-outp,../inputs/case2848rte.graphml,2848,3442,1023,3,11726,19281,4,701.0,701,0.0,Optimal,1893,15349510,0,0,0
776,brimkov-outp,../inputs/case_GBreduced29.graphml,29,50,0,6,58,29,4,7.0,7,0.0,Optimal,1,1149,0,0,0
777,brimkov-outp,../inputs/case1354pegase.graphml,1354,1710,422,1,6747,7437,1,703.0,703,0.0,Optimal,1,266563,0,0,0
778,brimkov-outp,../inputs/case_Texas.graphml,2000,2667,376,16,5689,12075,0,411.0,411,0.0,Optimal,685,4049307,0,0,0
779,brimkov-outp,../inputs/case118.graphml,118,179,11,4,398,318,1,30.0,30,0.0,Optimal,1,28901,0,0,0
780,brimkov-outp,../inputs/case96rts.graphml,73,108,9,0,391,256,4,64.0,64,0.0,Optimal,1,4030,0,0,0
781,brimkov-outp,../inputs/case2848rte.graphml,2848,3442,1023,9,9208,18829,0,585.0,585,0.0,Optimal,1,814569,0,0,0
782,brimkov-outp,../inputs/case300.graphml,300,409,66,11,806,1122,3,72.0,72,0.0,Optimal,1,20263,0,0,0
783,brimkov-outp,../inputs/case2868rte.graphml,2868,3471,983,8,9466,19241,3,600.0,600,0.0,Optimal,1,1222525,0,0,0
784,brimkov-outp,../inputs/case2736sp.graphml,2736,3265,645,7,7493,10377,1,682.0,682,0.0,Optimal,1,494512,0,0,0
785,brimkov-outp,../inputs/case_south_carolina500.graphml,500,584,211,3,2304,4765,4,98.0,98,0.0,Optimal,168,1369130,0,0,0
786,brimkov-outp,../inputs/case2736sp.graphml,2736,3265,645,2,10583,11195,4,776.0,776,0.0,Optimal,1591,19566602,0,0,0
787,brimkov-outp,../inputs/case_illinois200.graphml,200,245,44,5,664,1159,1,45.0,45,0.0,Optimal,1,47641,0,0,0
788,brimkov-outp,../inputs/case1888rte.graphml,1888,2308,681,8,6300,12106,1,375.0,375,0.0,Optimal,1,525805,0,0,0
789,brimkov-outp,../inputs/case89pegase.graphml,89,206,43,3,598,670,4,17.0,17,0.0,Optimal,1,47322,0,0,0
790,brimkov-outp,../inputs/case24_ieee_rts.graphml,24,34,4,4,71,75,2,6.0,6,0.0,Optimal,1,1970,0,0,0
791,brimkov-outp,../inputs/case2746wp.graphml,2746,3274,704,2,10715,11361,4,775.0,775,0.0,Optimal,3028,23399979,0,0,0
792,brimkov-outp,../inputs/case2737sop.graphml,2737,3266,655,2,10597,11234,0,779.0,779,0.0,Optimal,1639,32297008,0,0,0
793,brimkov-outp,../inputs/case_illinois200.graphml,200,245,44,2,892,1221,1,68.0,68,0.0,Optimal,1,52185,0,0,0
794,brimkov-outp,../inputs/case3120sp.graphml,3120,3684,798,6,8802,11904,3,768.0,768,0.0,Optimal,1,921702,0,0,0
795,brimkov-outp,../inputs/case145.graphml,145,422,71,3,1287,2706,3,27.0,27,0.0,Optimal,182,1074974,0,0,0
796,brimkov-outp,../inputs/case1354pegase.graphml,1354,1710,422,2,6075,7101,0,467.0,467,0.0,Optimal,1,947295,0,0,0
797,brimkov-outp,../inputs/case1354pegase.graphml,1354,1710,422,1,6747,7437,2,703.0,703,0.0,Optimal,1,264313,0,0,0
798,brimkov-outp,../inputs/case2736sp.graphml,2736,3265,645,3,9242,10748,1,702.0,702,0.0,Optimal,2062,11606174,0,0,0
799,brimkov-outp,../inputs/case30.graphml,30,41,7,3,115,129,3,7.0,7,0.0,Optimal,1,4120,0,0,0
800,brimkov-outp,../inputs/case2746wop.graphml,2746,3300,709,3,9442,11076,4,698.0,698,0.0,Optimal,1829,10240017,0,0,0
801,brimkov-outp,../inputs/case_iceland118.graphml,189,203,110,1,970,1398,1,83.0,83,0.0,Optimal,1,40095,0,0,0
802,brimkov-outp,../inputs/case89pegase.graphml,89,206,43,6,533,657,3,13.0,13,0.0,Optimal,1,27646,0,0,0
803,brimkov-outp,../inputs/case145.graphml,145,422,71,12,883,2648,0,18.0,18,0.0,Optimal,171,374224,0,0,0
804,brimkov-outp,../inputs/case5.graphml,5,6,0,2,16,7,1,2.0,2,0.0,Optimal,1,433,0,0,0
805,brimkov-outp,../inputs/case9.graphml,9,9,4,3,28,41,3,2.0,2,0.0,Optimal,1,1350,0,0,0
806,brimkov-outp,../inputs/case30.graphml,30,41,7,7,81,122,2,6.0,6,0.0,Optimal,1,1743,0,0,0
807,brimkov-outp,../inputs/case2848rte.graphml,2848,3442,1023,14,8947,18806,1,585.0,585,0.0,Optimal,1,591571,0,0,0
808,brimkov-outp,../inputs/case2868rte.graphml,2868,3471,983,9,9259,19218,2,598.0,598,0.0,Optimal,1,823957,0,0,0
809,brimkov-outp,../inputs/case2868rte.graphml,2868,3471,983,1,14823,20964,1,1330.0,1330,0.0,Optimal,1,1555114,0,0,0
810,brimkov-outp,../inputs/case30.graphml,30,41,7,3,115,129,2,7.0,7,0.0,Optimal,1,4266,0,0,0
811,brimkov-outp,../inputs/case2736sp.graphml,2736,3265,645,8,7421,10368,2,682.0,682,0.0,Optimal,1,442735,0,0,0
812,brimkov-outp,../inputs/case_south_carolina500.graphml,500,584,211,6,1988,4698,1,80.0,80,0.0,Optimal,1,162018,0,0,0
813,brimkov-outp,../inputs/case2736sp.graphml,2736,3265,645,6,7647,10399,2,682.0,682,0.0,Optimal,1,1500202,0,0,0
814,brimkov-outp,../inputs/case_south_carolina500.graphml,500,584,211,3,2304,4765,3,98.0,98,0.0,Optimal,168,1371386,0,0,0
815,brimkov-outp,../inputs/case2737sop.graphml,2737,3266,655,0,13922,13139,0,2087.0,2087,0.0,Optimal,1,347505,0,0,0
816,brimkov-outp,../inputs/case3012wp.graphml,3012,3566,726,8,8150,11151,1,755.0,755,0.0,Optimal,1,512259,0,0,0
817,brimkov-outp,../inputs/case300.graphml,300,409,66,2,1403,1277,1,94.0,94,0.0,Optimal,271,291817,0,0,0
818,brimkov-outp,../inputs/case3012wp.graphml,3012,3566,726,5,8677,11232,1,758.0,758,0.0,Optimal,189,1604375,0,0,0
819,brimkov-outp,../inputs/case24_ieee_rts.graphml,24,34,4,3,83,78,2,6.0,6,0.0,Optimal,1,2195,0,0,0
820,brimkov-outp,../inputs/case30.graphml,30,41,7,6,88,123,3,6.0,6,0.0,Optimal,1,1711,0,0,0
821,brimkov-outp,../inputs/case57.graphml,57,78,15,2,245,210,1,14.0,14,0.0,Optimal,1,12629,0,0,0
822,brimkov-outp,../inputs/case3012wp.graphml,3012,3566,726,6,8383,11183,4,756.0,756,0.0,Optimal,1,1110653,0,0,0
823,brimkov-outp,../inputs/case_ieee30.graphml,30,41,7,6,92,143,3,6.0,6,0.0,Optimal,1,2787,0,0,0
824,brimkov-outp,../inputs/case2746wop.graphml,2746,3300,709,2,10828,11538,2,771.0,771,0.0,Optimal,3712,37922460,0,0,0
825,brimkov-outp,../inputs/case_south_carolina500.graphml,500,584,211,13,1865,4682,2,75.0,75,0.0,Optimal,1,77678,0,0,0
826,brimkov-outp,../inputs/case1888rte.graphml,1888,2308,681,6,6755,12168,1,382.0,382,0.0,Optimal,1,709029,0,0,0
827,brimkov-outp,../inputs/case89pegase.graphml,89,206,43,6,533,657,4,13.0,13,0.0,Optimal,1,27273,0,0,0
828,brimkov-outp,../inputs/case2737sop.graphml,2737,3266,655,3,9256,10787,2,705.0,705,0.0,Optimal,2373,12008637,0,0,0
829,brimkov-outp,../inputs/case14.graphml,14,20,2,1,72,42,2,6.0,6,0.0,Optimal,1,1937,0,0,0
830,brimkov-outp,../inputs/case_south_carolina500.graphml,500,584,211,10,1865,4682,1,75.0,75,0.0,Optimal,1,63913,0,0,0
831,brimkov-outp,../inputs/case3012wp.graphml,3012,3566,726,8,8150,11151,3,755.0,755,0.0,Optimal,1,514002,0,0,0
832,brimkov-outp,../inputs/case300.graphml,300,409,66,11,806,1122,0,72.0,72,0.0,Optimal,1,22510,0,0,0
833,brimkov-outp,../inputs/case89pegase.graphml,89,206,43,14,328,638,3,13.0,13,0.0,Optimal,1,11297,0,0,0
834,brimkov-outp,../inputs/case39.graphml,39,46,10,4,115,154,4,9.0,9,0.0,Optimal,1,3263,0,0,0
835,brimkov-outp,../inputs/case3120sp.graphml,3120,3684,798,8,8565,11871,2,768.0,768,0.0,Optimal,1,1158448,0,0,0
836,brimkov-outp,../inputs/case_Texas.graphml,2000,2667,376,6,6231,12133,3,444.0,444,0.0,Optimal,1490,7956381,0,0,0
837,brimkov-outp,../inputs/case300.graphml,300,409,66,0,1624,1422,0,236.0,236,0.0,Optimal,1,51273,0,0,0
838,brimkov-outp,../inputs/case_illinois200.graphml,200,245,44,3,799,1190,3,57.0,57,0.0,Optimal,1,89862,0,0,0
839,brimkov-outp,../inputs/case_south_carolina500.graphml,500,584,211,2,2700,4897,1,120.0,120,0.0,Optimal,1,497832,0,0,0
840,brimkov-outp,../inputs/case6ww.graphml,6,11,1,3,25,18,1,2.0,2,0.0,Optimal,1,751,0,0,0
841,brimkov-outp,../inputs/case300.graphml,300,409,66,5,913,1137,1,75.0,75,0.0,Optimal,1,33727,0,0,0
842,brimkov-outp,../inputs/case2736sp.graphml,2736,3265,645,7,7493,10377,0,682.0,682,0.0,Optimal,1,499866,0,0,0
843,brimkov-outp,../inputs/case_Texas.graphml,2000,2667,376,7,6133,12119,1,432.0,432,0.0,Optimal,3145,11860854,0,0,0
844,brimkov-outp,../inputs/case89pegase.graphml,89,206,43,12,396,643,3,13.0,13,0.0,Optimal,1,17162,0,0,0
845,brimkov-outp,../inputs/case2746wop.graphml,2746,3300,709,7,7642,10697,4,677.0,677,0.0,Optimal,1,637879,0,0,0
846,brimkov-outp,../inputs/case1888rte.graphml,1888,2308,681,13,5937,12069,3,375.0,375,0.0,Optimal,1,330830,0,0,0
847,brimkov-outp,../inputs/case_illinois200.graphml,200,245,44,6,634,1154,1,42.0,42,0.0,Optimal,1,36205,0,0,0
848,brimkov-outp,../inputs/case2737sop.graphml,2737,3266,655,3,9256,10787,0,705.0,705,0.0,Optimal,2373,12006698,0,0,0
849,brimkov-outp,../inputs/case2746wop.graphml,2746,3300,709,6,7817,10722,0,678.0,678,0.0,Optimal,1,1043001,0,0,0
850,brimkov-outp,../inputs/case14.graphml,14,20,2,3,54,34,2,3.0,3,0.0,Optimal,1,1030,0,0,0
851,brimkov-outp,../inputs/case_illinois200.graphml,200,245,44,8,605,1150,1,39.0,39,0.0,Optimal,1,22686,0,0,0
852,brimkov-outp,../inputs/case3375wp.graphml,3374,4068,889,4,10922,14660,3,829.0,829,0.0,Optimal,1764,15882871,0,0,0
853,brimkov-outp,../inputs/case2848rte.graphml,2848,3442,1023,7,9775,18897,2,587.0,587,0.0,Optimal,17,1657169,0,0,0
854,brimkov-outp,../inputs/case3120sp.graphml,3120,3684,798,9,8502,11864,1,768.0,768,0.0,Optimal,1,727670,0,0,0
855,brimkov-outp,../inputs/case89pegase.graphml,89,206,43,12,396,643,2,13.0,13,0.0,Optimal,1,17287,0,0,0
856,brimkov-outp,../inputs/case2746wop.graphml,2746,3300,709,9,7533,10684,1,677.0,677,0.0,Optimal,1,523049,0,0,0
857,brimkov-outp,../inputs/case9.graphml,9,9,4,2,37,44,0,2.0,2,0.0,Optimal,1,4278,0,0,0
858,brimkov-outp,../inputs/case2383wp.graphml,2383,2886,552,3,8358,10003,4,623.0,623,0.0,Optimal,1586,13406982,0,0,0
859,brimkov-outp,../inputs/case1888rte.graphml,1888,2308,681,3,7871,12401,1,465.0,465,0.0,Optimal,1807,8269826,0,0,0
860,brimkov-outp,../inputs/case1951rte.graphml,1951,2375,651,3,8085,12759,2,499.0,499,0.0,Optimal,2157,7565969,0,0,0
861,brimkov-outp,../inputs/case300.graphml,300,409,66,7,842,1126,2,73.0,73,0.0,Optimal,1,26606,0,0,0
862,brimkov-outp,../inputs/case_Texas.graphml,2000,2667,376,10,5863,12089,3,413.0,413,0.0,Optimal,112,2448282,0,0,0
863,brimkov-outp,../inputs/case_GB2224.graphml,2224,2804,1367,7,9076,19989,3,326.0,326,0.0,Optimal,4891,45820844,0,0,0
864,brimkov-outp,../inputs/case2868rte.graphml,2868,3471,983,3,11850,19688,1,722.0,722,0.0,Optimal,1541,13690572,0,0,0
865,brimkov-outp,../inputs/case14.graphml,14,20,2,4,38,30,1,3.0,3,0.0,Optimal,0,624,0,0,0
866,brimkov-outp,../inputs/case145.graphml,145,422,71,14,774,2640,4,18.0,18,0.0,Optimal,1,274464,0,0,0
867,brimkov-outp,../inputs/case3375wp.graphml,3374,4068,889,5,10292,14534,3,821.0,821,0.0,Optimal,3013,12506300,0,0,0
868,brimkov-outp,../inputs/case1951rte.graphml,1951,2375,651,6,6957,12523,4,406.0,406,0.0,Optimal,1,744981,0,0,0
869,brimkov-outp,../inputs/case3120sp.graphml,3120,3684,798,7,8613,11877,0,768.0,768,0.0,Optimal,211,1279456,0,0,0
870,brimkov-outp,../inputs/case_south_carolina500.graphml,500,584,211,6,1988,4698,4,80.0,80,0.0,Optimal,1,161847,0,0,0
871,brimkov-outp,../inputs/case2746wop.graphml,2746,3300,709,0,14133,13430,2,2041.0,2041,0.0,Optimal,1,267883,0,0,0
872,brimkov-outp,../inputs/case1888rte.graphml,1888,2308,681,0,10539,13956,2,1244.0,1244,0.0,Optimal,2365,5837844,0,0,0
873,brimkov-outp,../inputs/case_ieee30.graphml,30,41,7,0,167,172,2,23.0,23,0.0,Optimal,1,2003,0,0,0
874,brimkov-outp,../inputs/case_ieee30.graphml,30,41,7,3,119,149,1,7.0,7,0.0,Optimal,1,5120,0,0,0
875,brimkov-outp,../inputs/case2868rte.graphml,2868,3471,983,9,9259,19218,0,598.0,598,0.0,Optimal,1,671448,0,0,0
876,brimkov-outp,../inputs/case1951rte.graphml,1951,2375,651,15,6053,12415,4,393.0,393,0.0,Optimal,1,284658,0,0,0
877,brimkov-outp,../inputs/case2746wp.graphml,2746,3274,704,9,7503,10529,0,684.0,684,0.0,Optimal,1,355004,0,0,0
878,brimkov-outp,../inputs/case_GB2224.graphml,2224,2804,1367,11,8557,19931,3,322.0,322,0.0,Optimal,2951,12799277,0,0,0
879,brimkov-outp,../inputs/case3012wp.graphml,3012,3566,726,3,9995,11533,0,780.0,780,0.0,Optimal,1784,14931069,0,0,0
880,brimkov-outp,../inputs/case_GB2224.graphml,2224,2804,1367,0,14114,22151,1,1016.0,1027,0.010710808179162609,Timeout,99870,900196690,0,0,0
881,brimkov-outp,../inputs/case1888rte.graphml,1888,2308,681,13,5937,12069,4,375.0,375,0.0,Optimal,1,331372,0,0,0
882,brimkov-outp,../inputs/case300.graphml,300,409,66,3,1151,1193,4,81.0,81,0.0,Optimal,47,427378,0,0,0
883,brimkov-outp,../inputs/case_GB2224.graphml,2224,2804,1367,1,13419,21456,0,821.0,821,0.0,Optimal,1891,27127923,0,0,0
884,brimkov-outp,../inputs/case_GB2224.graphml,2224,2804,1367,10,8634,19938,4,322.0,322,0.0,Optimal,1932,18886105,0,0,0
885,brimkov-outp,../inputs/case2383wp.graphml,2383,2886,552,9,6472,9619,1,594.0,594,0.0,Optimal,1,249685,0,0,0
886,brimkov-outp,../inputs/case1951rte.graphml,1951,2375,651,9,6263,12433,2,396.0,396,0.0,Optimal,1,455956,0,0,0
887,brimkov-outp,../inputs/case3120sp.graphml,3120,3684,798,2,12071,12802,4,881.0,881,0.0,Optimal,1649,32698463,0,0,0
888,brimkov-outp,../inputs/case_south_carolina500.graphml,500,584,211,5,2060,4710,2,83.0,83,0.0,Optimal,1,276889,0,0,0
889,brimkov-outp,../inputs/case145.graphml,145,422,71,19,616,2631,0,18.0,18,0.0,Optimal,64,200960,0,0,0
890,brimkov-outp,../inputs/case2383wp.graphml,2383,2886,552,0,12244,12002,3,1841.0,1841,0.0,Optimal,1,324769,0,0,0
891,brimkov-outp,../inputs/case_Texas.graphml,2000,2667,376,8,6045,12108,1,423.0,423,0.0,Optimal,1569,7710929,0,0,0
892,brimkov-outp,../inputs/case6ww.graphml,6,11,1,0,37,22,2,5.0,5,0.0,Optimal,1,889,0,0,0
893,brimkov-outp,../inputs/case_south_carolina500.graphml,500,584,211,12,1865,4682,3,75.0,75,0.0,Optimal,1,73683,0,0,0
894,brimkov-outp,../inputs/case145.graphml,145,422,71,20,596,2630,2,18.0,18,0.0,Optimal,1,108710,0,0,0
895,brimkov-outp,../inputs/case118.graphml,118,179,11,1,627,408,4,56.0,56,0.0,Optimal,1,17555,0,0,0
896,brimkov-outp,../inputs/case3120sp.graphml,3120,3684,798,5,9150,11962,2,770.0,770,0.0,Optimal,5443,12662429,0,0,0
897,brimkov-outp,../inputs/case5.graphml,5,6,0,3,10,5,1,2.0,2,0.0,Optimal,0,339,0,0,0
898,brimkov-outp,../inputs/case1951rte.graphml,1951,2375,651,4,7661,12653,4,441.0,441,0.0,Optimal,55,2028912,0,0,0
899,brimkov-outp,../inputs/case6ww.graphml,6,11,1,5,15,16,2,1.0,1,0.0,Optimal,0,334,0,0,0
900,brimkov-outp,../inputs/case145.graphml,145,422,71,14,774,2640,3,18.0,18,0.0,Optimal,1,274676,0,0,0
901,brimkov-outp,../inputs/case2868rte.graphml,2868,3471,983,1,14823,20964,4,1330.0,1330,0.0,Optimal,1,1549463,0,0,0
902,brimkov-outp,../inputs/case2869pegase.graphml,2869,3968,869,1,15446,16277,1,1395.0,1395,0.0,Optimal,2381,6625497,0,0,0
903,brimkov-outp,../inputs/case_GBreduced29.graphml,29,50,0,2,148,53,1,10.0,10,0.0,Optimal,1,3075,0,0,0
904,brimkov-outp,../inputs/case118.graphml,118,179,11,5,343,307,0,29.0,29,0.0,Optimal,1,13938,0,0,0
905,brimkov-outp,../inputs/case2383wp.graphml,2383,2886,552,3,8358,10003,0,623.0,623,0.0,Optimal,1586,13365052,0,0,0
906,brimkov-outp,../inputs/case33bw.graphml,33,32,1,0,131,68,1,32.0,32,0.0,Optimal,0,482,0,0,0
907,brimkov-outp,../inputs/case145.graphml,145,422,71,1,1429,2764,0,55.0,55,0.0,Optimal,2510,1282618,0,0,0
908,brimkov-outp,../inputs/case_illinois200.graphml,200,245,44,8,605,1150,4,39.0,39,0.0,Optimal,1,21806,0,0,0
909,brimkov-outp,../inputs/case2848rte.graphml,2848,3442,1023,13,8975,18808,4,585.0,585,0.0,Optimal,1,550029,0,0,0
910,brimkov-outp,../inputs/case2736sp.graphml,2736,3265,645,5,7923,10445,2,684.0,684,0.0,Optimal,50,1580416,0,0,0
911,brimkov-outp,../inputs/case_GBreduced29.graphml,29,50,0,5,64,30,3,7.0,7,0.0,Optimal,1,1190,0,0,0
912,brimkov-outp,../inputs/case1354pegase.graphml,1354,1710,422,9,4031,6622,2,311.0,311,0.0,Optimal,1,107045,0,0,0
913,brimkov-outp,../inputs/case2869pegase.graphml,2869,3968,869,6,9560,14313,2,620.0,620,0.0,Optimal,1,945610,0,0,0
914,brimkov-outp,../inputs/case_ieee30.graphml,30,41,7,7,85,142,0,6.0,6,0.0,Optimal,1,3954,0,0,0
915,brimkov-outp,../inputs/case1888rte.graphml,1888,2308,681,13,5937,12069,1,375.0,375,0.0,Optimal,1,329086,0,0,0
916,brimkov-outp,../inputs/case145.graphml,145,422,71,11,895,2649,4,18.0,18,0.0,Optimal,229,443452,0,0,0
917,brimkov-outp,../inputs/case1951rte.graphml,1951,2375,651,12,6121,12420,0,393.0,393,0.0,Optimal,1,336159,0,0,0
918,brimkov-outp,../inputs/case145.graphml,145,422,71,13,844,2645,1,18.0,18,0.0,Optimal,1,215952,0,0,0
919,brimkov-outp,../inputs/case2868rte.graphml,2868,3471,983,3,11850,19688,4,722.0,722,0.0,Optimal,1541,13690874,0,0,0
920,brimkov-outp,../inputs/case145.graphml,145,422,71,5,1218,2691,2,20.0,20,0.0,Optimal,2017,1572862,0,0,0
921,brimkov-outp,../inputs/case11_iwamoto.graphml,11,11,6,1,55,67,1,4.0,4,0.0,Optimal,1,2197,0,0,0
922,brimkov-outp,../inputs/case14.graphml,14,20,2,2,60,36,4,4.0,4,0.0,Optimal,1,1098,0,0,0
923,brimkov-outp,../inputs/case39.graphml,39,46,10,1,193,183,4,16.0,16,0.0,Optimal,1,4537,0,0,0
924,brimkov-outp,../inputs/case30.graphml,30,41,7,7,81,122,0,6.0,6,0.0,Optimal,1,3407,0,0,0
925,brimkov-outp,../inputs/case30.graphml,30,41,7,1,160,149,1,13.0,13,0.0,Optimal,1,5134,0,0,0
926,brimkov-outp,../inputs/case2383wp.graphml,2383,2886,552,8,6526,9625,1,594.0,594,0.0,Optimal,1,277132,0,0,0
927,brimkov-outp,../inputs/case2383wp.graphml,2383,2886,552,2,9534,10395,2,693.0,693,0.0,Optimal,1718,9568386,0,0,0
928,brimkov-outp,../inputs/case2736sp.graphml,2736,3265,645,1,13421,12614,3,1204.0,1204,0.0,Optimal,2112,4182209,0,0,0
929,brimkov-outp,../inputs/case2868rte.graphml,2868,3471,983,10,9199,19212,0,598.0,598,0.0,Optimal,1,761272,0,0,0
930,brimkov-outp,../inputs/case30.graphml,30,41,7,2,130,134,2,8.0,8,0.0,Optimal,1,4198,0,0,0
931,brimkov-outp,../inputs/case2868rte.graphml,2868,3471,983,13,9024,19197,2,598.0,598,0.0,Optimal,1,614178,0,0,0
932,brimkov-outp,../inputs/case2848rte.graphml,2848,3442,1023,9,9208,18829,1,585.0,585,0.0,Optimal,1,801013,0,0,0
933,brimkov-outp,../inputs/case2737sop.graphml,2737,3266,655,6,7661,10438,2,683.0,683,0.0,Optimal,1,548934,0,0,0
934,brimkov-outp,../inputs/case2383wp.graphml,2383,2886,552,0,12244,12002,4,1841.0,1841,0.0,Optimal,1,324075,0,0,0
935,brimkov-outp,../inputs/case1888rte.graphml,1888,2308,681,3,7871,12401,0,465.0,465,0.0,Optimal,1807,8309666,0,0,0
936,brimkov-outp,../inputs/case89pegase.graphml,89,206,43,0,710,725,4,47.0,47,0.0,Optimal,1,7067,0,0,0
937,brimkov-outp,../inputs/case2736sp.graphml,2736,3265,645,8,7421,10368,3,682.0,682,0.0,Optimal,1,441967,0,0,0
938,brimkov-outp,../inputs/case2848rte.graphml,2848,3442,1023,12,8975,18808,1,585.0,585,0.0,Optimal,1,572241,0,0,0
939,brimkov-outp,../inputs/case3375wp.graphml,3374,4068,889,9,9452,14409,1,816.0,816,0.0,Optimal,1,795173,0,0,0
940,brimkov-outp,../inputs/case3375wp.graphml,3374,4068,889,7,9660,14434,1,816.0,816,0.0,Optimal,1,1774425,0,0,0
941,brimkov-outp,../inputs/case57.graphml,57,78,15,6,154,186,4,12.0,12,0.0,Optimal,1,4815,0,0,0
942,brimkov-outp,../inputs/case3012wp.graphml,3012,3566,726,10,8104,11146,4,755.0,755,0.0,Optimal,1,372969,0,0,0
943,brimkov-outp,../inputs/case96rts.graphml,73,108,9,0,391,256,3,64.0,64,0.0,Optimal,1,3943,0,0,0
944,brimkov-outp,../inputs/case30.graphml,30,41,7,2,130,134,4,8.0,8,0.0,Optimal,1,4138,0,0,0
945,brimkov-outp,../inputs/case2746wp.graphml,2746,3274,704,1,13559,12783,2,1194.0,1194,0.0,Optimal,2077,5164353,0,0,0
946,brimkov-outp,../inputs/case14.graphml,14,20,2,1,72,42,0,6.0,6,0.0,Optimal,1,3620,0,0,0
947,brimkov-outp,../inputs/case2746wp.graphml,2746,3274,704,0,14051,13275,0,2046.0,2046,0.0,Optimal,1,262646,0,0,0
948,brimkov-outp,../inputs/case_Texas.graphml,2000,2667,376,1,10567,13619,4,939.0,939,0.0,Optimal,3541,10519777,0,0,0
949,brimkov-outp,../inputs/case1888rte.graphml,1888,2308,681,7,6468,12127,1,377.0,377,0.0,Optimal,1,559834,0,0,0
950,brimkov-outp,../inputs/case_illinois200.graphml,200,245,44,10,595,1149,0,39.0,39,0.0,Optimal,1,22889,0,0,0
951,brimkov-outp,../inputs/case2868rte.graphml,2868,3471,983,0,15921,22062,1,1924.0,1924,0.0,Optimal,4627,11209870,0,0,0
952,brimkov-outp,../inputs/case1951rte.graphml,1951,2375,651,0,10803,14366,1,1332.0,1332,0.0,Optimal,2286,5123299,0,0,0
953,brimkov-outp,../inputs/case1354pegase.graphml,1354,1710,422,13,3849,6605,1,311.0,311,0.0,Optimal,1,84761,0,0,0
954,brimkov-outp,../inputs/case2746wop.graphml,2746,3300,709,9,7533,10684,3,677.0,677,0.0,Optimal,1,730176,0,0,0
955,brimkov-outp,../inputs/case_ieee30.graphml,30,41,7,0,167,172,4,23.0,23,0.0,Optimal,1,1918,0,0,0
956,brimkov-outp,../inputs/case2746wp.graphml,2746,3274,704,1,13559,12783,0,1194.0,1194,0.0,Optimal,2077,5172063,0,0,0
957,brimkov-outp,../inputs/case89pegase.graphml,89,206,43,4,582,666,1,15.0,15,0.0,Optimal,1,36452,0,0,0
958,brimkov-outp,../inputs/case_illinois200.graphml,200,245,44,11,584,1148,4,39.0,39,0.0,Optimal,1,15580,0,0,0
959,brimkov-outp,../inputs/case_south_carolina500.graphml,500,584,211,11,1865,4682,1,75.0,75,0.0,Optimal,1,64843,0,0,0
960,brimkov-outp,../inputs/case1951rte.graphml,1951,2375,651,3,8085,12759,4,499.0,499,0.0,Optimal,2157,7575771,0,0,0
961,brimkov-outp,../inputs/case3375wp.graphml,3374,4068,889,11,9399,14404,2,816.0,816,0.0,Optimal,1,793430,0,0,0
962,brimkov-outp,../inputs/case39.graphml,39,46,10,0,202,192,0,29.0,29,0.0,Optimal,1,5435,0,0,0
963,brimkov-outp,../inputs/case1354pegase.graphml,1354,1710,422,4,5043,6789,4,340.0,340,0.0,Optimal,12,771746,0,0,0
964,brimkov-outp,../inputs/case96rts.graphml,73,108,9,3,273,206,0,20.0,20,0.0,Optimal,1,27534,0,0,0
965,brimkov-outp,../inputs/case3012wp.graphml,3012,3566,726,2,11618,12074,4,863.0,863,0.0,Optimal,2075,38512832,0,0,0
966,brimkov-outp,../inputs/case_iceland118.graphml,189,203,110,8,652,1297,3,39.0,39,0.0,Optimal,1,18013,0,0,0
967,brimkov-outp,../inputs/case145.graphml,145,422,71,4,1263,2700,3,23.0,23,0.0,Optimal,1971,2057019,0,0,0
968,brimkov-outp,../inputs/case89pegase.graphml,89,206,43,7,519,655,4,13.0,13,0.0,Optimal,1,22623,0,0,0
969,brimkov-outp,../inputs/case89pegase.graphml,89,206,43,9,475,650,2,13.0,13,0.0,Optimal,1,23251,0,0,0
970,brimkov-outp,../inputs/case2383wp.graphml,2383,2886,552,6,6789,9661,1,594.0,594,0.0,Optimal,1,759739,0,0,0
971,brimkov-outp,../inputs/case30.graphml,30,41,7,6,88,123,1,6.0,6,0.0,Optimal,1,2039,0,0,0
972,brimkov-outp,../inputs/case_south_carolina500.graphml,500,584,211,0,3005,5180,2,289.0,289,0.0,Optimal,1,45947,0,0,0
973,brimkov-outp,../inputs/case118.graphml,118,179,11,4,398,318,4,30.0,30,0.0,Optimal,1,28834,0,0,0
974,brimkov-outp,../inputs/case14.graphml,14,20,2,0,73,43,3,12.0,12,0.0,Optimal,1,1308,0,0,0
975,brimkov-outp,../inputs/case_Texas.graphml,2000,2667,376,15,5705,12076,2,411.0,411,0.0,Optimal,1079,5770569,0,0,0
976,brimkov-outp,../inputs/case2746wp.graphml,2746,3274,704,6,7773,10565,2,685.0,685,0.0,Optimal,1,627960,0,0,0
977,brimkov-outp,../inputs/case118.graphml,118,179,11,3,458,333,3,31.0,31,0.0,Optimal,1,54149,0,0,0
978,brimkov-outp,../inputs/case2868rte.graphml,2868,3471,983,10,9199,19212,3,598.0,598,0.0,Optimal,1,742985,0,0,0
979,brimkov-outp,../inputs/case3120sp.graphml,3120,3684,798,8,8565,11871,0,768.0,768,0.0,Optimal,1,1161640,0,0,0
980,brimkov-outp,../inputs/case2736sp.graphml,2736,3265,645,7,7493,10377,2,682.0,682,0.0,Optimal,1,490279,0,0,0
981,brimkov-outp,../inputs/case24_ieee_rts.graphml,24,34,4,5,61,73,4,6.0,6,0.0,Optimal,1,1600,0,0,0
982,brimkov-outp,../inputs/case6ww.graphml,6,11,1,1,37,22,1,3.0,3,0.0,Optimal,1,1337,0,0,0
983,brimkov-outp,../inputs/case2869pegase.graphml,2869,3968,869,13,8338,14169,2,612.0,612,0.0,Optimal,1,326647,0,0,0
984,brimkov-outp,../inputs/case118.graphml,118,179,11,8,285,298,2,29.0,29,0.0,Optimal,1,8501,0,0,0
985,brimkov-outp,../inputs/case2736sp.graphml,2736,3265,645,7,7493,10377,4,682.0,682,0.0,Optimal,1,488577,0,0,0
986,brimkov-outp,../inputs/case_illinois200.graphml,200,245,44,2,892,1221,3,68.0,68,0.0,Optimal,1,52081,0,0,0
987,brimkov-outp,../inputs/case2736sp.graphml,2736,3265,645,2,10583,11195,3,776.0,776,0.0,Optimal,1591,19719771,0,0,0
988,brimkov-outp,../inputs/case2869pegase.graphml,2869,3968,869,2,13592,15350,2,903.0,904,0.0011061946902654867,Timeout,148241,900189943,0,0,0
989,brimkov-outp,../inputs/case2868rte.graphml,2868,3471,983,13,9024,19197,1,598.0,598,0.0,Optimal,1,615112,0,0,0
990,brimkov-outp,../inputs/case2848rte.graphml,2848,3442,1023,1,14731,20554,0,1297.0,1297,0.0,Optimal,1,3423223,0,0,0
991,brimkov-outp,../inputs/case2746wop.graphml,2746,3300,709,3,9442,11076,2,698.0,698,0.0,Optimal,1829,10228442,0,0,0
992,brimkov-outp,../inputs/case1354pegase.graphml,1354,1710,422,9,4031,6622,1,311.0,311,0.0,Optimal,1,106458,0,0,0
993,brimkov-outp,../inputs/case11_iwamoto.graphml,11,11,6,2,47,63,2,2.0,2,0.0,Optimal,1,1150,0,0,0
994,brimkov-outp,../inputs/case3375wp.graphml,3374,4068,889,4,10922,14660,2,829.0,829,0.0,Optimal,1764,15846804,0,0,0
995,brimkov-outp,../inputs/case2737sop.graphml,2737,3266,655,1,13437,12654,4,1204.0,1204,0.0,Optimal,784,2588006,0,0,0
996,brimkov-outp,../inputs/case89pegase.graphml,89,206,43,3,598,670,3,17.0,17,0.0,Optimal,1,47470,0,0,0
997,brimkov-outp,../inputs/case3012wp.graphml,3012,3566,726,1,14686,13608,4,1323.0,1323,0.0,Optimal,11,1743674,0,0,0
998,brimkov-outp,../inputs/case3375wp.graphml,3374,4068,889,1,16871,17114,0,1454.0,1454,0.0,Optimal,2188,10508188,0,0,0
999,brimkov-outp,../inputs/case3012wp.graphml,3012,3566,726,4,9247,11346,4,762.0,762,0.0,Optimal,798,3264378,0,0,0
1000,brimkov-outp,../inputs/case30.graphml,30,41,7,4,99,125,2,6.0,6,0.0,Optimal,1,2686,0,0,0
1001,brimkov-outp,../inputs/case2868rte.graphml,2868,3471,983,6,10230,19344,2,607.0,607,0.0,Optimal,313,3393319,0,0,0
1002,brimkov-outp,../inputs/case300.graphml,300,409,66,9,817,1123,2,72.0,72,0.0,Optimal,1,20561,0,0,0
1003,brimkov-outp,../inputs/case2383wp.graphml,2383,2886,552,9,6472,9619,2,594.0,594,0.0,Optimal,1,248793,0,0,0
1004,brimkov-outp,../inputs/case6ww.graphml,6,11,1,2,37,22,2,2.0,2,0.0,Optimal,1,907,0,0,0
1005,brimkov-outp,../inputs/case300.graphml,300,409,66,5,913,1137,3,75.0,75,0.0,Optimal,1,33492,0,0,0
1006,brimkov-outp,../inputs/case1354pegase.graphml,1354,1710,422,8,4103,6630,0,311.0,311,0.0,Optimal,1,121480,0,0,0
1007,brimkov-outp,../inputs/case2737sop.graphml,2737,3266,655,7,7507,10416,1,683.0,683,0.0,Optimal,1,494040,0,0,0
1008,brimkov-outp,../inputs/case89pegase.graphml,89,206,43,7,519,655,1,13.0,13,0.0,Optimal,1,23246,0,0,0
1009,brimkov-outp,../inputs/case3012wp.graphml,3012,3566,726,4,9247,11346,1,762.0,762,0.0,Optimal,798,3263833,0,0,0
1010,brimkov-outp,../inputs/case_Texas.graphml,2000,2667,376,5,6369,12156,4,462.0,462,0.0,Optimal,3103,33966717,0,0,0
1011,brimkov-outp,../inputs/case2737sop.graphml,2737,3266,655,1,13437,12654,0,1204.0,1204,0.0,Optimal,784,2655124,0,0,0
1012,brimkov-outp,../inputs/case57.graphml,57,78,15,4,181,191,4,12.0,12,0.0,Optimal,1,7850,0,0,0
1013,brimkov-outp,../inputs/case24_ieee_rts.graphml,24,34,4,0,129,97,0,20.0,20,0.0,Optimal,1,4448,0,0,0
1014,brimkov-outp,../inputs/case1951rte.graphml,1951,2375,651,1,10036,13599,2,926.0,926,0.0,Optimal,1,682015,0,0,0
1015,brimkov-outp,../inputs/case_illinois200.graphml,200,245,44,1,1002,1276,0,97.0,97,0.0,Optimal,1,38987,0,0,0
1016,brimkov-outp,../inputs/case2869pegase.graphml,2869,3968,869,10,8530,14185,0,612.0,612,0.0,Optimal,1,447544,0,0,0
1017,brimkov-outp,../inputs/case_south_carolina500.graphml,500,584,211,10,1865,4682,2,75.0,75,0.0,Optimal,1,63388,0,0,0
1018,brimkov-outp,../inputs/case300.graphml,300,409,66,1,1555,1353,3,141.0,141,0.0,Optimal,1,45301,0,0,0
1019,brimkov-outp,../inputs/case_Texas.graphml,2000,2667,376,12,5771,12081,0,411.0,411,0.0,Optimal,16,3591597,0,0,0
1020,brimkov-outp,../inputs/case_south_carolina500.graphml,500,584,211,1,2744,4919,1,181.0,181,0.0,Optimal,1,206126,0,0,0
1021,brimkov-outp,../inputs/case_Texas.graphml,2000,2667,376,8,6045,12108,2,423.0,423,0.0,Optimal,1569,7704504,0,0,0
1022,brimkov-outp,../inputs/case1354pegase.graphml,1354,1710,422,2,6075,7101,2,467.0,467,0.0,Optimal,1,937744,0,0,0
1023,brimkov-outp,../inputs/case145.graphml,145,422,71,11,895,2649,3,18.0,18,0.0,Optimal,229,443729,0,0,0
1024,brimkov-outp,../inputs/case2868rte.graphml,2868,3471,983,2,13113,20109,3,882.0,882,0.0,Optimal,1759,23181828,0,0,0
1025,brimkov-outp,../inputs/case11_iwamoto.graphml,11,11,6,4,37,60,1,2.0,2,0.0,Optimal,1,1647,0,0,0
1026,brimkov-outp,../inputs/case2869pegase.graphml,2869,3968,869,10,8530,14185,2,612.0,612,0.0,Optimal,1,442505,0,0,0
1027,brimkov-outp,../inputs/case_south_carolina500.graphml,500,584,211,5,2060,4710,4,83.0,83,0.0,Optimal,1,278502,0,0,0
1028,brimkov-outp,../inputs/case2746wp.graphml,2746,3274,704,4,8585,10717,2,690.0,690,0.0,Optimal,1,1632892,0,0,0
1029,brimkov-outp,../inputs/case3012wp.graphml,3012,3566,726,6,8383,11183,3,756.0,756,0.0,Optimal,1,1111400,0,0,0
1030,brimkov-outp,../inputs/case1951rte.graphml,1951,2375,651,12,6121,12420,1,393.0,393,0.0,Optimal,1,332484,0,0,0
1031,brimkov-outp,../inputs/case_Texas.graphml,2000,2667,376,4,6799,12242,3,490.0,490,0.0,Optimal,30263,214796766,0,0,0
1032,brimkov-outp,../inputs/case_illinois200.graphml,200,245,44,4,719,1170,3,50.0,50,0.0,Optimal,1,70754,0,0,0
1033,brimkov-outp,../inputs/case5.graphml,5,6,0,0,22,10,2,5.0,5,0.0,Optimal,0,234,0,0,0
1034,brimkov-outp,../inputs/case2848rte.graphml,2848,3442,1023,5,10611,19027,0,606.0,606,0.0,Optimal,2546,12430702,0,0,0
1035,brimkov-outp,../inputs/case1951rte.graphml,1951,2375,651,1,10036,13599,0,926.0,926,0.0,Optimal,1,695700,0,0,0
1036,brimkov-outp,../inputs/case6468rte.graphml,6468,8065,2384,0,36499,48149,0,4204.0,4204,0.0,Optimal,1674,49622475,0,0,0
1037,brimkov-outp,../inputs/case_Texas.graphml,2000,2667,376,1,10567,13619,2,939.0,939,0.0,Optimal,3541,10505995,0,0,0
1038,brimkov-outp,../inputs/case2746wp.graphml,2746,3274,704,3,9377,10915,0,706.0,706,0.0,Optimal,1930,9863701,0,0,0
1039,brimkov-outp,../inputs/case_south_carolina500.graphml,500,584,211,7,1925,4689,3,78.0,78,0.0,Optimal,1,143876,0,0,0
1040,brimkov-outp,../inputs/case3120sp.graphml,3120,3684,798,8,8565,11871,4,768.0,768,0.0,Optimal,1,1422323,0,0,0
1041,brimkov-outp,../inputs/case_Texas.graphml,2000,2667,376,5,6369,12156,1,462.0,462,0.0,Optimal,3103,33905862,0,0,0
1042,brimkov-outp,../inputs/case2868rte.graphml,2868,3471,983,13,9024,19197,4,598.0,598,0.0,Optimal,1,621920,0,0,0
1043,brimkov-outp,../inputs/case6ww.graphml,6,11,1,0,37,22,0,5.0,5,0.0,Optimal,1,2441,0,0,0
1044,brimkov-outp,../inputs/case89pegase.graphml,89,206,43,12,396,643,0,13.0,13,0.0,Optimal,1,20207,0,0,0
1045,brimkov-outp,../inputs/case3120sp.graphml,3120,3684,798,5,9150,11962,3,770.0,770,0.0,Optimal,5443,12675816,0,0,0
1046,brimkov-outp,../inputs/case3120sp.graphml,3120,3684,798,2,12071,12802,0,881.0,881,0.0,Optimal,1649,32656446,0,0,0
1047,brimkov-outp,../inputs/case2869pegase.graphml,2869,3968,869,9,8740,14206,4,612.0,612,0.0,Optimal,1,514436,0,0,0
1048,brimkov-outp,../inputs/case2746wp.graphml,2746,3274,704,9,7503,10529,4,684.0,684,0.0,Optimal,1,352901,0,0,0
1049,brimkov-outp,../inputs/case30.graphml,30,41,7,0,163,152,0,23.0,23,0.0,Optimal,1,3830,0,0,0
1050,brimkov-outp,../inputs/case2869pegase.graphml,2869,3968,869,11,8475,14180,4,612.0,612,0.0,Optimal,1,424005,0,0,0
1051,brimkov-outp,../inputs/case118.graphml,118,179,11,8,285,298,4,29.0,29,0.0,Optimal,1,8420,0,0,0
1052,brimkov-outp,../inputs/case_GBreduced29.graphml,29,50,0,3,109,40,2,8.0,8,0.0,Optimal,1,2738,0,0,0
1053,brimkov-outp,../inputs/case30.graphml,30,41,7,0,163,152,2,23.0,23,0.0,Optimal,1,2234,0,0,0
1054,brimkov-outp,../inputs/case24_ieee_rts.graphml,24,34,4,1,128,96,3,10.0,10,0.0,Optimal,1,3487,0,0,0
1055,brimkov-outp,../inputs/case_south_carolina500.graphml,500,584,211,8,1893,4685,1,76.0,76,0.0,Optimal,1,96831,0,0,0
1056,brimkov-outp,../inputs/case14.graphml,14,20,2,2,60,36,1,4.0,4,0.0,Optimal,1,1167,0,0,0
1057,brimkov-outp,../inputs/case300.graphml,300,409,66,4,983,1151,2,76.0,76,0.0,Optimal,1,55904,0,0,0
1058,brimkov-outp,../inputs/case_GBreduced29.graphml,29,50,0,5,64,30,0,7.0,7,0.0,Optimal,1,2886,0,0,0
1059,brimkov-outp,../inputs/case118.graphml,118,179,11,1,627,408,3,56.0,56,0.0,Optimal,1,17552,0,0,0
1060,brimkov-outp,../inputs/case300.graphml,300,409,66,1,1555,1353,4,141.0,141,0.0,Optimal,1,45553,0,0,0
1061,brimkov-outp,../inputs/case1951rte.graphml,1951,2375,651,9,6263,12433,4,396.0,396,0.0,Optimal,1,465474,0,0,0
1062,brimkov-outp,../inputs/case1951rte.graphml,1951,2375,651,7,6642,12478,0,401.0,401,0.0,Optimal,1,513070,0,0,0
1063,brimkov-outp,../inputs/case2746wop.graphml,2746,3300,709,7,7642,10697,0,677.0,677,0.0,Optimal,1,646239,0,0,0
1064,brimkov-outp,../inputs/case1354pegase.graphml,1354,1710,422,6,4382,6668,2,316.0,316,0.0,Optimal,1,194093,0,0,0
1065,brimkov-outp,../inputs/case3012wp.graphml,3012,3566,726,1,14686,13608,1,1323.0,1323,0.0,Optimal,11,1743413,0,0,0
1066,brimkov-outp,../inputs/case2746wp.graphml,2746,3274,704,8,7548,10534,0,684.0,684,0.0,Optimal,1,353678,0,0,0
1067,brimkov-outp,../inputs/case2737sop.graphml,2737,3266,655,9,7390,10402,3,683.0,683,0.0,Optimal,1,363743,0,0,0
1068,brimkov-outp,../inputs/case_ieee30.graphml,30,41,7,2,134,154,0,8.0,8,0.0,Optimal,1,6170,0,0,0
1069,brimkov-outp,../inputs/case_GBreduced29.graphml,29,50,0,5,64,30,4,7.0,7,0.0,Optimal,1,1198,0,0,0
1070,brimkov-outp,../inputs/case1951rte.graphml,1951,2375,651,6,6957,12523,1,406.0,406,0.0,Optimal,1,746387,0,0,0
1071,brimkov-outp,../inputs/case2736sp.graphml,2736,3265,645,0,13906,13099,4,2096.0,2096,0.0,Optimal,1,270911,0,0,0
1072,brimkov-outp,../inputs/case_ieee30.graphml,30,41,7,2,134,154,4,8.0,8,0.0,Optimal,1,4195,0,0,0
1073,brimkov-outp,../inputs/case57.graphml,57,78,15,1,309,242,3,22.0,22,0.0,Optimal,1,6418,0,0,0
1074,brimkov-outp,../inputs/case_south_carolina500.graphml,500,584,211,3,2304,4765,0,98.0,98,0.0,Optimal,168,1394198,0,0,0
1075,brimkov-outp,../inputs/case_illinois200.graphml,200,245,44,6,634,1154,0,42.0,42,0.0,Optimal,1,40598,0,0,0
1076,brimkov-outp,../inputs/case2869pegase.graphml,2869,3968,869,6,9560,14313,4,620.0,620,0.0,Optimal,1,942416,0,0,0
1077,brimkov-outp,../inputs/case2869pegase.graphml,2869,3968,869,8,8938,14228,4,613.0,613,0.0,Optimal,1,657336,0,0,0
1078,brimkov-outp,../inputs/case118.graphml,118,179,11,7,293,299,0,29.0,29,0.0,Optimal,1,10069,0,0,0
1079,brimkov-outp,../inputs/case2736sp.graphml,2736,3265,645,4,8458,10552,1,689.0,689,0.0,Optimal,2719,7555193,0,0,0
1080,brimkov-outp,../inputs/case2869pegase.graphml,2869,3968,869,11,8475,14180,1,612.0,612,0.0,Optimal,1,424152,0,0,0
1081,brimkov-outp,../inputs/case145.graphml,145,422,71,13,844,2645,3,18.0,18,0.0,Optimal,1,216375,0,0,0
1082,brimkov-outp,../inputs/case57.graphml,57,78,15,4,181,191,1,12.0,12,0.0,Optimal,1,8177,0,0,0
1083,brimkov-outp,../inputs/case_Texas.graphml,2000,2667,376,10,5863,12089,1,413.0,413,0.0,Optimal,112,2473654,0,0,0
1084,brimkov-outp,../inputs/case2746wop.graphml,2746,3300,709,0,14133,13430,0,2041.0,2041,0.0,Optimal,1,264518,0,0,0
1085,brimkov-outp,../inputs/case_Texas.graphml,2000,2667,376,3,7763,12483,0,537.0,538,0.0018587360594795538,Timeout,40285,900060749,0,0,0
1086,brimkov-outp,../inputs/case118.graphml,118,179,11,7,293,299,2,29.0,29,0.0,Optimal,1,8077,0,0,0
1087,brimkov-outp,../inputs/case118.graphml,118,179,11,1,627,408,1,56.0,56,0.0,Optimal,1,17943,0,0,0
1088,brimkov-outp,../inputs/case2869pegase.graphml,2869,3968,869,6,9560,14313,0,620.0,620,0.0,Optimal,1,958242,0,0,0
1089,brimkov-outp,../inputs/case145.graphml,145,422,71,19,616,2631,1,18.0,18,0.0,Optimal,64,196627,0,0,0
1090,brimkov-outp,../inputs/case2746wop.graphml,2746,3300,709,8,7578,10689,4,677.0,677,0.0,Optimal,1,618931,0,0,0
1091,brimkov-outp,../inputs/case2868rte.graphml,2868,3471,983,6,10230,19344,4,607.0,607,0.0,Optimal,313,3385234,0,0,0
1092,brimkov-outp,../inputs/case1888rte.graphml,1888,2308,681,0,10539,13956,3,1244.0,1244,0.0,Optimal,2365,5822373,0,0,0
1093,brimkov-outp,../inputs/case_Texas.graphml,2000,2667,376,0,11023,14075,4,1624.0,1624,0.0,Optimal,1,200696,0,0,0
1094,brimkov-outp,../inputs/case2848rte.graphml,2848,3442,1023,3,11726,19281,0,701.0,701,0.0,Optimal,1893,15355392,0,0,0
1095,brimkov-outp,../inputs/case_GB2224.graphml,2224,2804,1367,5,9754,20094,1,338.0,338,0.0,Optimal,1618,21861769,0,0,0
1096,brimkov-outp,../inputs/case_south_carolina500.graphml,500,584,211,9,1875,4683,4,75.0,75,0.0,Optimal,1,63586,0,0,0
1097,brimkov-outp,../inputs/case_GB2224.graphml,2224,2804,1367,14,8506,19927,1,322.0,322,0.0,Optimal,3454,13849979,0,0,0
1098,brimkov-outp,../inputs/case11_iwamoto.graphml,11,11,6,4,37,60,4,2.0,2,0.0,Optimal,1,1311,0,0,0
1099,brimkov-outp,../inputs/case2746wop.graphml,2746,3300,709,8,7578,10689,0,677.0,677,0.0,Optimal,1,625898,0,0,0
1100,brimkov-outp,../inputs/case96rts.graphml,73,108,9,4,205,189,0,19.0,19,0.0,Optimal,1,10653,0,0,0
1101,brimkov-outp,../inputs/case6ww.graphml,6,11,1,5,15,16,1,1.0,1,0.0,Optimal,0,416,0,0,0
1102,brimkov-outp,../inputs/case57.graphml,57,78,15,0,310,243,2,42.0,42,0.0,Optimal,1,3518,0,0,0
1103,brimkov-outp,../inputs/case1888rte.graphml,1888,2308,681,1,9804,13221,1,864.0,864,0.0,Optimal,1,745958,0,0,0
1104,brimkov-outp,../inputs/case_ieee30.graphml,30,41,7,1,164,169,2,12.0,12,0.0,Optimal,1,5078,0,0,0
1105,brimkov-outp,../inputs/case3120sp.graphml,3120,3684,798,0,15870,14984,1,2328.0,2328,0.0,Optimal,1,297814,0,0,0
1106,brimkov-outp,../inputs/case2869pegase.graphml,2869,3968,869,15,8266,14164,2,612.0,612,0.0,Optimal,1,318677,0,0,0
1107,brimkov-outp,../inputs/case4gs.graphml,4,4,0,0,16,8,3,4.0,4,0.0,Optimal,0,200,0,0,0
1108,brimkov-outp,../inputs/case145.graphml,145,422,71,20,596,2630,4,18.0,18,0.0,Optimal,1,108899,0,0,0
1109,brimkov-outp,../inputs/case2746wop.graphml,2746,3300,709,5,8123,10773,0,681.0,681,0.0,Optimal,104,1469046,0,0,0
1110,brimkov-outp,../inputs/case3120sp.graphml,3120,3684,798,4,9695,12071,1,774.0,774,0.0,Optimal,2637,12152408,0,0,0
1111,brimkov-outp,../inputs/case2848rte.graphml,2848,3442,1023,8,9415,18852,3,586.0,586,0.0,Optimal,1,1105895,0,0,0
1112,brimkov-outp,../inputs/case2737sop.graphml,2737,3266,655,4,8472,10591,3,690.0,690,0.0,Optimal,2627,6408077,0,0,0
1113,brimkov-outp,../inputs/case_GB2224.graphml,2224,2804,1367,6,9412,20037,4,329.0,329,0.0,Optimal,1580,17431419,0,0,0
1114,brimkov-outp,../inputs/case2869pegase.graphml,2869,3968,869,7,9154,14255,1,616.0,616,0.0,Optimal,1,694749,0,0,0
1115,brimkov-outp,../inputs/case89pegase.graphml,89,206,43,11,444,647,4,13.0,13,0.0,Optimal,1,19448,0,0,0
1116,brimkov-outp,../inputs/case2869pegase.graphml,2869,3968,869,13,8338,14169,0,612.0,612,0.0,Optimal,1,336305,0,0,0
1117,brimkov-outp,../inputs/case_south_carolina500.graphml,500,584,211,2,2700,4897,0,120.0,120,0.0,Optimal,1,507316,0,0,0
1118,brimkov-outp,../inputs/case_illinois200.graphml,200,245,44,10,595,1149,4,39.0,39,0.0,Optimal,1,20019,0,0,0
1119,brimkov-outp,../inputs/case2746wp.graphml,2746,3274,704,5,8085,10617,2,687.0,687,0.0,Optimal,21,1855782,0,0,0
1120,brimkov-outp,../inputs/case_iceland118.graphml,189,203,110,6,690,1302,4,39.0,39,0.0,Optimal,1,25784,0,0,0
1121,brimkov-outp,../inputs/case2736sp.graphml,2736,3265,645,9,7376,10363,0,682.0,682,0.0,Optimal,1,484505,0,0,0
1122,brimkov-outp,../inputs/case33bw.graphml,33,32,1,0,131,68,3,32.0,32,0.0,Optimal,0,417,0,0,0
1123,brimkov-outp,../inputs/case1354pegase.graphml,1354,1710,422,10,3921,6611,0,311.0,311,0.0,Optimal,1,100475,0,0,0
1124,brimkov-outp,../inputs/case30.graphml,30,41,7,0,163,152,4,23.0,23,0.0,Optimal,1,2179,0,0,0
1125,brimkov-outp,../inputs/case14.graphml,14,20,2,2,60,36,3,4.0,4,0.0,Optimal,1,1167,0,0,0
1126,brimkov-outp,../inputs/case89pegase.graphml,89,206,43,4,582,666,4,15.0,15,0.0,Optimal,1,36215,0,0,0
1127,brimkov-outp,../inputs/case89pegase.graphml,89,206,43,11,444,647,1,13.0,13,0.0,Optimal,1,20111,0,0,0
1128,brimkov-outp,../inputs/case2736sp.graphml,2736,3265,645,6,7647,10399,0,682.0,682,0.0,Optimal,1,1513336,0,0,0
1129,brimkov-outp,../inputs/case2869pegase.graphml,2869,3968,869,8,8938,14228,2,613.0,613,0.0,Optimal,1,652068,0,0,0
1130,brimkov-outp,../inputs/case2746wp.graphml,2746,3274,704,5,8085,10617,4,687.0,687,0.0,Optimal,21,1861496,0,0,0
1131,brimkov-outp,../inputs/case2868rte.graphml,2868,3471,983,3,11850,19688,3,722.0,722,0.0,Optimal,1541,13689094,0,0,0
1132,brimkov-outp,../inputs/case3012wp.graphml,3012,3566,726,4,9247,11346,3,762.0,762,0.0,Optimal,798,3271982,0,0,0
1133,brimkov-outp,../inputs/case_ieee30.graphml,30,41,7,5,98,144,2,6.0,6,0.0,Optimal,1,3701,0,0,0
1134,brimkov-outp,../inputs/case_GB2224.graphml,2224,2804,1367,12,8533,19929,0,322.0,322,0.0,Optimal,8009,20447601,0,0,0
1135,brimkov-outp,../inputs/case89pegase.graphml,89,206,43,13,370,641,3,13.0,13,0.0,Optimal,1,16371,0,0,0
1136,brimkov-outp,../inputs/case300.graphml,300,409,66,1,1555,1353,1,141.0,141,0.0,Optimal,1,45536,0,0,0
1137,brimkov-outp,../inputs/case2737sop.graphml,2737,3266,655,8,7435,10407,2,683.0,683,0.0,Optimal,1,351278,0,0,0
1138,brimkov-outp,../inputs/case2746wop.graphml,2746,3300,709,7,7642,10697,2,677.0,677,0.0,Optimal,1,637464,0,0,0
1139,brimkov-outp,../inputs/case_GB2224.graphml,2224,2804,1367,14,8506,19927,4,322.0,322,0.0,Optimal,3454,13972130,0,0,0
1140,brimkov-outp,../inputs/case2848rte.graphml,2848,3442,1023,10,9138,18822,1,585.0,585,0.0,Optimal,1,608948,0,0,0
1141,brimkov-outp,../inputs/case2383wp.graphml,2383,2886,552,5,7107,9714,4,596.0,596,0.0,Optimal,21,1191517,0,0,0
1142,brimkov-outp,../inputs/case145.graphml,145,422,71,15,759,2639,4,18.0,18,0.0,Optimal,42,253851,0,0,0
1143,brimkov-outp,../inputs/case300.graphml,300,409,66,3,1151,1193,1,81.0,81,0.0,Optimal,47,429468,0,0,0
1144,brimkov-outp,../inputs/case2737sop.graphml,2737,3266,655,4,8472,10591,4,690.0,690,0.0,Optimal,2627,6409862,0,0,0
1145,brimkov-outp,../inputs/case_GB2224.graphml,2224,2804,1367,11,8557,19931,1,322.0,322,0.0,Optimal,2951,12784063,0,0,0
1146,brimkov-outp,../inputs/case2869pegase.graphml,2869,3968,869,8,8938,14228,0,613.0,613,0.0,Optimal,1,666293,0,0,0
1147,brimkov-outp,../inputs/case118.graphml,118,179,11,0,634,415,2,107.0,107,0.0,Optimal,1,3505,0,0,0
1148,brimkov-outp,../inputs/case2736sp.graphml,2736,3265,645,6,7647,10399,1,682.0,682,0.0,Optimal,1,1498782,0,0,0
1149,brimkov-outp,../inputs/case1888rte.graphml,1888,2308,681,0,10539,13956,1,1244.0,1244,0.0,Optimal,2365,5824133,0,0,0
1150,brimkov-outp,../inputs/case3012wp.graphml,3012,3566,726,10,8104,11146,1,755.0,755,0.0,Optimal,1,372139,0,0,0
1151,brimkov-outp,../inputs/case1951rte.graphml,1951,2375,651,11,6169,12424,1,393.0,393,0.0,Optimal,1,420027,0,0,0
1152,brimkov-outp,../inputs/case3012wp.graphml,3012,3566,726,6,8383,11183,0,756.0,756,0.0,Optimal,1,1097482,0,0,0
1153,brimkov-outp,../inputs/case2383wp.graphml,2383,2886,552,1,11740,11498,1,1065.0,1065,0.0,Optimal,1,644178,0,0,0
1154,brimkov-outp,../inputs/case2746wop.graphml,2746,3300,709,2,10828,11538,4,771.0,771,0.0,Optimal,3712,37945282,0,0,0
1155,brimkov-outp,../inputs/case118.graphml,118,179,11,1,627,408,0,56.0,56,0.0,Optimal,1,20495,0,0,0
1156,brimkov-outp,../inputs/case89pegase.graphml,89,206,43,9,475,650,1,13.0,13,0.0,Optimal,1,22473,0,0,0
1157,brimkov-outp,../inputs/case2737sop.graphml,2737,3266,655,1,13437,12654,1,1204.0,1204,0.0,Optimal,784,2581726,0,0,0
1158,brimkov-outp,../inputs/case1354pegase.graphml,1354,1710,422,10,3921,6611,2,311.0,311,0.0,Optimal,1,96330,0,0,0
1159,brimkov-outp,../inputs/case30.graphml,30,41,7,4,99,125,4,6.0,6,0.0,Optimal,1,2541,0,0,0
1160,brimkov-outp,../inputs/case1354pegase.graphml,1354,1710,422,13,3849,6605,3,311.0,311,0.0,Optimal,1,86055,0,0,0
1161,brimkov-outp,../inputs/case145.graphml,145,422,71,7,1067,2668,0,18.0,18,0.0,Optimal,418,912270,0,0,0
1162,brimkov-outp,../inputs/case57.graphml,57,78,15,2,245,210,3,14.0,14,0.0,Optimal,1,11905,0,0,0
1163,brimkov-outp,../inputs/case_GB2224.graphml,2224,2804,1367,11,8557,19931,0,322.0,322,0.0,Optimal,2951,12800237,0,0,0
1164,brimkov-outp,../inputs/case1951rte.graphml,1951,2375,651,9,6263,12433,3,396.0,396,0.0,Optimal,1,465518,0,0,0
1165,brimkov-outp,../inputs/case33bw.graphml,33,32,1,1,126,63,0,17.0,17,0.0,Optimal,0,1980,0,0,0
1166,brimkov-outp,../inputs/case4gs.graphml,4,4,0,1,16,8,2,2.0,2,0.0,Optimal,1,479,0,0,0
1167,brimkov-outp,../inputs/case57.graphml,57,78,15,6,154,186,0,12.0,12,0.0,Optimal,1,6934,0,0,0
1168,brimkov-outp,../inputs/case2746wop.graphml,2746,3300,709,0,14133,13430,3,2041.0,2041,0.0,Optimal,1,270693,0,0,0
1169,brimkov-outp,../inputs/case9.graphml,9,9,4,1,43,47,3,3.0,3,0.0,Optimal,1,2091,0,0,0
1170,brimkov-outp,../inputs/case6468rte.graphml,6468,8065,2384,1,34403,46053,0,2916.0,2916,0.0,Optimal,1691,23445106,0,0,0
1171,brimkov-outp,../inputs/case_south_carolina500.graphml,500,584,211,5,2060,4710,0,83.0,83,0.0,Optimal,1,286697,0,0,0
1172,brimkov-outp,../inputs/case_Texas.graphml,2000,2667,376,4,6799,12242,4,490.0,490,0.0,Optimal,30263,214935208,0,0,0
1173,brimkov-outp,../inputs/case1951rte.graphml,1951,2375,651,2,8898,13030,4,616.0,616,0.0,Optimal,49,3818742,0,0,0
1174,brimkov-outp,../inputs/case2868rte.graphml,2868,3471,983,12,9037,19198,0,598.0,598,0.0,Optimal,1,631119,0,0,0
1175,brimkov-outp,../inputs/case3012wp.graphml,3012,3566,726,3,9995,11533,3,780.0,780,0.0,Optimal,1784,14948992,0,0,0
1176,brimkov-outp,../inputs/case_GB2224.graphml,2224,2804,1367,13,8520,19928,4,322.0,322,0.0,Optimal,3410,10661812,0,0,0
1177,brimkov-outp,../inputs/case2868rte.graphml,2868,3471,983,15,8995,19195,3,598.0,598,0.0,Optimal,1,575159,0,0,0
1178,brimkov-outp,../inputs/case2746wop.graphml,2746,3300,709,8,7578,10689,3,677.0,677,0.0,Optimal,1,620427,0,0,0
1179,brimkov-outp,../inputs/case145.graphml,145,422,71,12,883,2648,1,18.0,18,0.0,Optimal,171,369486,0,0,0
1180,brimkov-outp,../inputs/case2848rte.graphml,2848,3442,1023,10,9138,18822,3,585.0,585,0.0,Optimal,1,613072,0,0,0
1181,brimkov-outp,../inputs/case300.graphml,300,409,66,8,826,1124,4,72.0,72,0.0,Optimal,1,21962,0,0,0
1182,brimkov-outp,../inputs/case_south_carolina500.graphml,500,584,211,12,1865,4682,1,75.0,75,0.0,Optimal,1,74562,0,0,0
1183,brimkov-outp,../inputs/case1951rte.graphml,1951,2375,651,8,6434,12452,0,397.0,397,0.0,Optimal,1,502931,0,0,0
1184,brimkov-outp,../inputs/case3120sp.graphml,3120,3684,798,7,8613,11877,1,768.0,768,0.0,Optimal,211,1270517,0,0,0
1185,brimkov-outp,../inputs/case2383wp.graphml,2383,2886,552,2,9534,10395,3,693.0,693,0.0,Optimal,1718,9574252,0,0,0
1186,brimkov-outp,../inputs/case96rts.graphml,73,108,9,5,175,183,2,19.0,19,0.0,Optimal,1,4236,0,0,0
1187,brimkov-outp,../inputs/case89pegase.graphml,89,206,43,12,396,643,1,13.0,13,0.0,Optimal,1,17645,0,0,0
1188,brimkov-outp,../inputs/case2869pegase.graphml,2869,3968,869,5,10232,14425,3,629.0,629,0.0,Optimal,1,1866951,0,0,0
1189,brimkov-outp,../inputs/case39.graphml,39,46,10,2,169,171,3,10.0,10,0.0,Optimal,1,7511,0,0,0
1190,brimkov-outp,../inputs/case1354pegase.graphml,1354,1710,422,2,6075,7101,4,467.0,467,0.0,Optimal,1,936832,0,0,0
1191,brimkov-outp,../inputs/case89pegase.graphml,89,206,43,11,444,647,2,13.0,13,0.0,Optimal,1,19663,0,0,0
1192,brimkov-outp,../inputs/case_illinois200.graphml,200,245,44,1,1002,1276,3,97.0,97,0.0,Optimal,1,36310,0,0,0
1193,brimkov-outp,../inputs/case_south_carolina500.graphml,500,584,211,6,1988,4698,0,80.0,80,0.0,Optimal,1,170038,0,0,0
1194,brimkov-outp,../inputs/case300.graphml,300,409,66,7,842,1126,3,73.0,73,0.0,Optimal,1,26467,0,0,0
1195,brimkov-outp,../inputs/case3120sp.graphml,3120,3684,798,3,10427,12254,1,794.0,794,0.0,Optimal,1896,17516859,0,0,0
1196,brimkov-outp,../inputs/case118.graphml,118,179,11,7,293,299,4,29.0,29,0.0,Optimal,1,7949,0,0,0
1197,brimkov-outp,../inputs/case2737sop.graphml,2737,3266,655,1,13437,12654,2,1204.0,1204,0.0,Optimal,784,2577616,0,0,0
1198,brimkov-outp,../inputs/case_iceland118.graphml,189,203,110,5,720,1307,0,40.0,40,0.0,Optimal,1,43880,0,0,0
1199,brimkov-outp,../inputs/case3375wp.graphml,3374,4068,889,8,9524,14417,3,816.0,816,0.0,Optimal,1,743859,0,0,0
1200,brimkov-outp,../inputs/case2868rte.graphml,2868,3471,983,11,9133,19206,1,598.0,598,0.0,Optimal,1,620206,0,0,0
1201,brimkov-outp,../inputs/case_GB2224.graphml,2224,2804,1367,4,10129,20169,2,359.0,359,0.0,Optimal,1664,35444526,0,0,0
1202,brimkov-outp,../inputs/case89pegase.graphml,89,206,43,6,533,657,0,13.0,13,0.0,Optimal,1,30823,0,0,0
1203,brimkov-outp,../inputs/case11_iwamoto.graphml,11,11,6,3,41,61,4,2.0,2,0.0,Optimal,1,1607,0,0,0
1204,brimkov-outp,../inputs/case24_ieee_rts.graphml,24,34,4,4,71,75,4,6.0,6,0.0,Optimal,1,2014,0,0,0
1205,brimkov-outp,../inputs/case300.graphml,300,409,66,0,1624,1422,3,236.0,236,0.0,Optimal,1,47489,0,0,0
1206,brimkov-outp,../inputs/case_south_carolina500.graphml,500,584,211,4,2180,4734,3,89.0,89,0.0,Optimal,489,1208458,0,0,0
1207,brimkov-outp,../inputs/case2746wp.graphml,2746,3274,704,3,9377,10915,4,706.0,706,0.0,Optimal,1930,9878007,0,0,0
1208,brimkov-outp,../inputs/case_south_carolina500.graphml,500,584,211,9,1875,4683,3,75.0,75,0.0,Optimal,1,63569,0,0,0
1209,brimkov-outp,../inputs/case39.graphml,39,46,10,4,115,154,1,9.0,9,0.0,Optimal,1,3423,0,0,0
1210,brimkov-outp,../inputs/case300.graphml,300,409,66,8,826,1124,2,72.0,72,0.0,Optimal,1,22085,0,0,0
1211,brimkov-outp,../inputs/case24_ieee_rts.graphml,24,34,4,0,129,97,4,20.0,20,0.0,Optimal,1,2329,0,0,0
1212,brimkov-outp,../inputs/case2746wop.graphml,2746,3300,709,4,8658,10880,2,683.0,683,0.0,Optimal,3891,10427581,0,0,0
1213,brimkov-outp,../inputs/case2746wp.graphml,2746,3274,704,3,9377,10915,2,706.0,706,0.0,Optimal,1930,9855396,0,0,0
1214,brimkov-outp,../inputs/case3012wp.graphml,3012,3566,726,5,8677,11232,0,758.0,758,0.0,Optimal,189,1614615,0,0,0
1215,brimkov-outp,../inputs/case118.graphml,118,179,11,8,285,298,3,29.0,29,0.0,Optimal,1,8370,0,0,0
1216,brimkov-outp,../inputs/case1354pegase.graphml,1354,1710,422,5,4718,6724,3,322.0,322,0.0,Optimal,1,293655,0,0,0
1217,brimkov-outp,../inputs/case1354pegase.graphml,1354,1710,422,0,7269,7959,4,969.0,969,0.0,Optimal,1,168156,0,0,0
1218,brimkov-outp,../inputs/case_GBreduced29.graphml,29,50,0,3,109,40,3,8.0,8,0.0,Optimal,1,2766,0,0,0
1219,brimkov-outp,../inputs/case2869pegase.graphml,2869,3968,869,14,8296,14166,0,612.0,612,0.0,Optimal,1,335833,0,0,0
1220,brimkov-outp,../inputs/case14.graphml,14,20,2,0,73,43,2,12.0,12,0.0,Optimal,1,1309,0,0,0
1221,brimkov-outp,../inputs/case2746wp.graphml,2746,3274,704,0,14051,13275,3,2046.0,2046,0.0,Optimal,1,255243,0,0,0
1222,brimkov-outp,../inputs/case3120sp.graphml,3120,3684,798,7,8613,11877,4,768.0,768,0.0,Optimal,211,1277743,0,0,0
1223,brimkov-outp,../inputs/case2848rte.graphml,2848,3442,1023,12,8975,18808,0,585.0,585,0.0,Optimal,1,595813,0,0,0
1224,brimkov-outp,../inputs/case3120sp.graphml,3120,3684,798,3,10427,12254,3,794.0,794,0.0,Optimal,1896,17543306,0,0,0
1225,brimkov-outp,../inputs/case3120sp.graphml,3120,3684,798,1,15305,14419,3,1353.0,1353,0.0,Optimal,1531,3792183,0,0,0
1226,brimkov-outp,../inputs/case145.graphml,145,422,71,5,1218,2691,4,20.0,20,0.0,Optimal,2017,1571416,0,0,0
1227,brimkov-outp,../inputs/case2383wp.graphml,2383,2886,552,5,7107,9714,3,596.0,596,0.0,Optimal,21,1196517,0,0,0
1228,brimkov-outp,../inputs/case_GB2224.graphml,2224,2804,1367,8,8884,19965,1,323.0,323,0.0,Optimal,1919,17876660,0,0,0
1229,brimkov-outp,../inputs/case300.graphml,300,409,66,10,817,1123,2,72.0,72,0.0,Optimal,1,20465,0,0,0
1230,brimkov-outp,../inputs/case145.graphml,145,422,71,15,759,2639,3,18.0,18,0.0,Optimal,42,253011,0,0,0
1231,brimkov-outp,../inputs/case6ww.graphml,6,11,1,2,37,22,1,2.0,2,0.0,Optimal,1,855,0,0,0
1232,brimkov-outp,../inputs/case_GB2224.graphml,2224,2804,1367,6,9412,20037,2,329.0,329,0.0,Optimal,1580,17353116,0,0,0
1233,brimkov-outp,../inputs/case300.graphml,300,409,66,2,1403,1277,0,94.0,94,0.0,Optimal,271,296584,0,0,0
1234,brimkov-outp,../inputs/case145.graphml,145,422,71,17,709,2636,3,18.0,18,0.0,Optimal,18,349886,0,0,0
1235,brimkov-outp,../inputs/case2737sop.graphml,2737,3266,655,0,13922,13139,2,2087.0,2087,0.0,Optimal,1,348303,0,0,0
1236,brimkov-outp,../inputs/case_illinois200.graphml,200,245,44,9,605,1150,1,39.0,39,0.0,Optimal,1,22094,0,0,0
1237,brimkov-outp,../inputs/case4gs.graphml,4,4,0,2,8,4,4,2.0,2,0.0,Optimal,1,330,0,0,0
1238,brimkov-outp,../inputs/case6468rte.graphml,6468,8065,2384,1,34403,46053,4,2916.0,2916,0.0,Optimal,1691,23524861,0,0,0
1239,brimkov-outp,../inputs/case3120sp.graphml,3120,3684,798,5,9150,11962,0,770.0,770,0.0,Optimal,5443,12607764,0,0,0
1240,brimkov-outp,../inputs/case_Texas.graphml,2000,2667,376,9,5973,12100,1,417.0,417,0.0,Optimal,2927,22805794,0,0,0
1241,brimkov-outp,../inputs/case2746wop.graphml,2746,3300,709,7,7642,10697,1,677.0,677,0.0,Optimal,1,637250,0,0,0
1242,brimkov-outp,../inputs/case11_iwamoto.graphml,11,11,6,4,37,60,3,2.0,2,0.0,Optimal,1,1339,0,0,0
1243,brimkov-outp,../inputs/case1951rte.graphml,1951,2375,651,10,6213,12428,2,394.0,394,0.0,Optimal,1,474538,0,0,0
1244,brimkov-outp,../inputs/case3120sp.graphml,3120,3684,798,4,9695,12071,4,774.0,774,0.0,Optimal,2637,12193272,0,0,0
1245,brimkov-outp,../inputs/case_illinois200.graphml,200,245,44,0,1074,1348,3,156.0,156,0.0,Optimal,1,13503,0,0,0
1246,brimkov-outp,../inputs/case145.graphml,145,422,71,17,709,2636,2,18.0,18,0.0,Optimal,18,348479,0,0,0
1247,brimkov-outp,../inputs/case300.graphml,300,409,66,9,817,1123,4,72.0,72,0.0,Optimal,1,20481,0,0,0
1248,brimkov-outp,../inputs/case118.graphml,118,179,11,2,515,352,0,37.0,37,0.0,Optimal,1,32616,0,0,0
1249,brimkov-outp,../inputs/case2868rte.graphml,2868,3471,983,2,13113,20109,2,882.0,882,0.0,Optimal,1759,23127788,0,0,0
1250,brimkov-outp,../inputs/case_illinois200.graphml,200,245,44,11,584,1148,0,39.0,39,0.0,Optimal,1,18126,0,0,0
1251,brimkov-outp,../inputs/case39.graphml,39,46,10,2,169,171,4,10.0,10,0.0,Optimal,1,7450,0,0,0
1252,brimkov-outp,../inputs/case2868rte.graphml,2868,3471,983,14,9010,19196,3,598.0,598,0.0,Optimal,1,588584,0,0,0
1253,brimkov-outp,../inputs/case2737sop.graphml,2737,3266,655,5,7937,10484,4,685.0,685,0.0,Optimal,24,1285060,0,0,0
1254,brimkov-outp,../inputs/case2383wp.graphml,2383,2886,552,7,6614,9636,4,594.0,594,0.0,Optimal,1,355353,0,0,0
1255,brimkov-outp,../inputs/case_Texas.graphml,2000,2667,376,16,5689,12075,1,411.0,411,0.0,Optimal,685,4026642,0,0,0
1256,brimkov-outp,../inputs/case2868rte.graphml,2868,3471,983,0,15921,22062,3,1924.0,1924,0.0,Optimal,4627,11247928,0,0,0
1257,brimkov-outp,../inputs/case1951rte.graphml,1951,2375,651,7,6642,12478,3,401.0,401,0.0,Optimal,1,501192,0,0,0
1258,brimkov-outp,../inputs/case2736sp.graphml,2736,3265,645,0,13906,13099,2,2096.0,2096,0.0,Optimal,1,271615,0,0,0
1259,brimkov-outp,../inputs/case3120sp.graphml,3120,3684,798,4,9695,12071,2,774.0,774,0.0,Optimal,2637,12150217,0,0,0
1260,brimkov-outp,../inputs/case2848rte.graphml,2848,3442,1023,13,8975,18808,2,585.0,585,0.0,Optimal,1,553965,0,0,0
1261,brimkov-outp,../inputs/case_GB2224.graphml,2224,2804,1367,2,12033,20763,1,518.0,518,0.0,Optimal,3373,67358917,0,0,0
1262,brimkov-outp,../inputs/case24_ieee_rts.graphml,24,34,4,1,128,96,1,10.0,10,0.0,Optimal,1,3988,0,0,0
1263,brimkov-outp,../inputs/case_Texas.graphml,2000,2667,376,2,9359,13015,0,647.0,647,0.0,Optimal,2550,28211719,0,0,0
1264,brimkov-outp,../inputs/case2868rte.graphml,2868,3471,983,10,9199,19212,1,598.0,598,0.0,Optimal,1,746215,0,0,0
1265,brimkov-outp,../inputs/case2869pegase.graphml,2869,3968,869,5,10232,14425,4,629.0,629,0.0,Optimal,1,1875240,0,0,0
1266,brimkov-outp,../inputs/case6ww.graphml,6,11,1,3,25,18,4,2.0,2,0.0,Optimal,1,717,0,0,0
1267,brimkov-outp,../inputs/case118.graphml,118,179,11,8,285,298,0,29.0,29,0.0,Optimal,1,10963,0,0,0
1268,brimkov-outp,../inputs/case5.graphml,5,6,0,2,16,7,3,2.0,2,0.0,Optimal,1,449,0,0,0
1269,brimkov-outp,../inputs/case1951rte.graphml,1951,2375,651,0,10803,14366,4,1332.0,1332,0.0,Optimal,2286,5135268,0,0,0
1270,brimkov-outp,../inputs/case145.graphml,145,422,71,20,596,2630,3,18.0,18,0.0,Optimal,1,108880,0,0,0
1271,brimkov-outp,../inputs/case96rts.graphml,73,108,9,2,333,226,0,22.0,22,0.0,Optimal,1,19978,0,0,0
1272,brimkov-outp,../inputs/case2848rte.graphml,2848,3442,1023,7,9775,18897,1,587.0,587,0.0,Optimal,17,1654189,0,0,0
1273,brimkov-outp,../inputs/case3120sp.graphml,3120,3684,798,1,15305,14419,1,1353.0,1353,0.0,Optimal,1531,3788174,0,0,0
1274,brimkov-outp,../inputs/case_south_carolina500.graphml,500,584,211,1,2744,4919,0,181.0,181,0.0,Optimal,1,213886,0,0,0
1275,brimkov-outp,../inputs/case89pegase.graphml,89,206,43,10,455,648,4,13.0,13,0.0,Optimal,1,25272,0,0,0
1276,brimkov-outp,../inputs/case3120sp.graphml,3120,3684,798,6,8802,11904,0,768.0,768,0.0,Optimal,1,936272,0,0,0
1277,brimkov-outp,../inputs/case33bw.graphml,33,32,1,1,126,63,2,17.0,17,0.0,Optimal,0,871,0,0,0
1278,brimkov-outp,../inputs/case2746wop.graphml,2746,3300,709,8,7578,10689,1,677.0,677,0.0,Optimal,1,623235,0,0,0
1279,brimkov-outp,../inputs/case1354pegase.graphml,1354,1710,422,6,4382,6668,3,316.0,316,0.0,Optimal,1,194555,0,0,0
1280,brimkov-outp,../inputs/case_GBreduced29.graphml,29,50,0,4,89,35,1,7.0,7,0.0,Optimal,1,2251,0,0,0
1281,brimkov-outp,../inputs/case3375wp.graphml,3374,4068,889,9,9452,14409,4,816.0,816,0.0,Optimal,1,794189,0,0,0
1282,brimkov-outp,../inputs/case1888rte.graphml,1888,2308,681,10,6054,12079,1,375.0,375,0.0,Optimal,1,383934,0,0,0
1283,brimkov-outp,../inputs/case1951rte.graphml,1951,2375,651,6,6957,12523,0,406.0,406,0.0,Optimal,1,757481,0,0,0
1284,brimkov-outp,../inputs/case_iceland118.graphml,189,203,110,7,676,1300,3,39.0,39,0.0,Optimal,1,27655,0,0,0
1285,brimkov-outp,../inputs/case_GB2224.graphml,2224,2804,1367,10,8634,19938,3,322.0,322,0.0,Optimal,1932,18853515,0,0,0
1286,brimkov-outp,../inputs/case2736sp.graphml,2736,3265,645,4,8458,10552,4,689.0,689,0.0,Optimal,2719,7577198,0,0,0
1287,brimkov-outp,../inputs/case1354pegase.graphml,1354,1710,422,0,7269,7959,1,969.0,969,0.0,Optimal,1,167533,0,0,0
1288,brimkov-outp,../inputs/case_Texas.graphml,2000,2667,376,10,5863,12089,0,413.0,413,0.0,Optimal,112,2502843,0,0,0
1289,brimkov-outp,../inputs/case145.graphml,145,422,71,19,616,2631,3,18.0,18,0.0,Optimal,64,195938,0,0,0
1290,brimkov-outp,../inputs/case145.graphml,145,422,71,4,1263,2700,1,23.0,23,0.0,Optimal,1971,2056481,0,0,0
1291,brimkov-outp,../inputs/case2868rte.graphml,2868,3471,983,2,13113,20109,4,882.0,882,0.0,Optimal,1759,23139237,0,0,0
1292,brimkov-outp,../inputs/case2868rte.graphml,2868,3471,983,11,9133,19206,3,598.0,598,0.0,Optimal,1,620018,0,0,0
1293,brimkov-outp,../inputs/case2868rte.graphml,2868,3471,983,13,9024,19197,0,598.0,598,0.0,Optimal,1,626686,0,0,0
1294,brimkov-outp,../inputs/case1354pegase.graphml,1354,1710,422,6,4382,6668,0,316.0,316,0.0,Optimal,1,204142,0,0,0
1295,brimkov-outp,../inputs/case2746wp.graphml,2746,3274,704,7,7612,10542,0,684.0,684,0.0,Optimal,1,644795,0,0,0
1296,brimkov-outp,../inputs/case_iceland118.graphml,189,203,110,4,735,1310,1,41.0,41,0.0,Optimal,1,34459,0,0,0
1297,brimkov-outp,../inputs/case2868rte.graphml,2868,3471,983,12,9037,19198,1,598.0,598,0.0,Optimal,1,617029,0,0,0
1298,brimkov-outp,../inputs/case39.graphml,39,46,10,5,110,153,0,9.0,9,0.0,Optimal,1,4767,0,0,0
1299,brimkov-outp,../inputs/case6468rte.graphml,6468,8065,2384,1,34403,46053,1,2916.0,2916,0.0,Optimal,1691,23495827,0,0,0
1300,brimkov-outp,../inputs/case9.graphml,9,9,4,3,28,41,2,2.0,2,0.0,Optimal,1,1471,0,0,0
1301,brimkov-outp,../inputs/case2383wp.graphml,2383,2886,552,4,7582,9809,4,605.0,605,0.0,Optimal,1562,3626147,0,0,0
1302,brimkov-outp,../inputs/case145.graphml,145,422,71,10,950,2654,4,18.0,18,0.0,Optimal,409,587755,0,0,0
1303,brimkov-outp,../inputs/case_illinois200.graphml,200,245,44,3,799,1190,1,57.0,57,0.0,Optimal,1,91131,0,0,0
1304,brimkov-outp,../inputs/case_south_carolina500.graphml,500,584,211,14,1837,4680,1,75.0,75,0.0,Optimal,1,61025,0,0,0
1305,brimkov-outp,../inputs/case3012wp.graphml,3012,3566,726,0,15236,14158,3,2293.0,2293,0.0,Optimal,1,358093,0,0,0
1306,brimkov-outp,../inputs/case2869pegase.graphml,2869,3968,869,4,11032,14585,1,662.0,662,0.0,Optimal,1784,16112869,0,0,0
1307,brimkov-outp,../inputs/case30.graphml,30,41,7,7,81,122,4,6.0,6,0.0,Optimal,1,1672,0,0,0
1308,brimkov-outp,../inputs/case2737sop.graphml,2737,3266,655,5,7937,10484,3,685.0,685,0.0,Optimal,24,1291677,0,0,0
1309,brimkov-outp,../inputs/case3120sp.graphml,3120,3684,798,3,10427,12254,4,794.0,794,0.0,Optimal,1896,17550962,0,0,0
1310,brimkov-outp,../inputs/case1354pegase.graphml,1354,1710,422,2,6075,7101,1,467.0,467,0.0,Optimal,1,933064,0,0,0
1311,brimkov-outp,../inputs/case_GBreduced29.graphml,29,50,0,3,109,40,4,8.0,8,0.0,Optimal,1,2750,0,0,0
1312,brimkov-outp,../inputs/case6ww.graphml,6,11,1,1,37,22,3,3.0,3,0.0,Optimal,1,1191,0,0,0
1313,brimkov-outp,../inputs/case1354pegase.graphml,1354,1710,422,13,3849,6605,4,311.0,311,0.0,Optimal,1,85638,0,0,0
1314,brimkov-outp,../inputs/case33bw.graphml,33,32,1,3,67,35,4,11.0,11,0.0,Optimal,0,440,0,0,0
1315,brimkov-outp,../inputs/case14.graphml,14,20,2,5,33,29,0,3.0,3,0.0,Optimal,0,1681,0,0,0
1316,brimkov-outp,../inputs/case_south_carolina500.graphml,500,584,211,10,1865,4682,4,75.0,75,0.0,Optimal,1,63330,0,0,0
1317,brimkov-outp,../inputs/case_GB2224.graphml,2224,2804,1367,5,9754,20094,0,338.0,338,0.0,Optimal,1618,21780437,0,0,0
1318,brimkov-outp,../inputs/case_illinois200.graphml,200,245,44,9,605,1150,4,39.0,39,0.0,Optimal,1,21908,0,0,0
1319,brimkov-outp,../inputs/case_GB2224.graphml,2224,2804,1367,9,8704,19945,3,322.0,322,0.0,Optimal,1827,18213519,0,0,0
1320,brimkov-outp,../inputs/case2746wp.graphml,2746,3274,704,5,8085,10617,0,687.0,687,0.0,Optimal,21,1848309,0,0,0
1321,brimkov-outp,../inputs/case39.graphml,39,46,10,4,115,154,0,9.0,9,0.0,Optimal,1,5150,0,0,0
1322,brimkov-outp,../inputs/case39.graphml,39,46,10,5,110,153,2,9.0,9,0.0,Optimal,1,2863,0,0,0
1323,brimkov-outp,../inputs/case_iceland118.graphml,189,203,110,4,735,1310,4,41.0,41,0.0,Optimal,1,34439,0,0,0
1324,brimkov-outp,../inputs/case14.graphml,14,20,2,2,60,36,0,4.0,4,0.0,Optimal,1,2556,0,0,0
1325,brimkov-outp,../inputs/case145.graphml,145,422,71,6,1158,2681,3,18.0,18,0.0,Optimal,29,429729,0,0,0
1326,brimkov-outp,../inputs/case2736sp.graphml,2736,3265,645,5,7923,10445,3,684.0,684,0.0,Optimal,50,1575849,0,0,0
1327,brimkov-outp,../inputs/case1888rte.graphml,1888,2308,681,12,5950,12070,2,375.0,375,0.0,Optimal,1,341066,0,0,0
1328,brimkov-outp,../inputs/case2869pegase.graphml,2869,3968,869,12,8403,14174,3,612.0,612,0.0,Optimal,1,389848,0,0,0
1329,brimkov-outp,../inputs/case_GB2224.graphml,2224,2804,1367,10,8634,19938,1,322.0,322,0.0,Optimal,1932,18892445,0,0,0
1330,brimkov-outp,../inputs/case1888rte.graphml,1888,2308,681,10,6054,12079,4,375.0,375,0.0,Optimal,1,381443,0,0,0
1331,brimkov-outp,../inputs/case1888rte.graphml,1888,2308,681,5,7079,12222,1,393.0,393,0.0,Optimal,1427,3863599,0,0,0
1332,brimkov-outp,../inputs/case1354pegase.graphml,1354,1710,422,6,4382,6668,4,316.0,316,0.0,Optimal,1,194204,0,0,0
1333,brimkov-outp,../inputs/case_ieee30.graphml,30,41,7,6,92,143,0,6.0,6,0.0,Optimal,1,4622,0,0,0
1334,brimkov-outp,../inputs/case89pegase.graphml,89,206,43,3,598,670,0,17.0,17,0.0,Optimal,1,51620,0,0,0
1335,brimkov-outp,../inputs/case_GBreduced29.graphml,29,50,0,1,158,58,4,15.0,15,0.0,Optimal,1,3495,0,0,0
1336,brimkov-outp,../inputs/case1354pegase.graphml,1354,1710,422,4,5043,6789,2,340.0,340,0.0,Optimal,12,773529,0,0,0
1337,brimkov-outp,../inputs/case3120sp.graphml,3120,3684,798,2,12071,12802,3,881.0,881,0.0,Optimal,1649,32669099,0,0,0
1338,brimkov-outp,../inputs/case30.graphml,30,41,7,0,163,152,1,23.0,23,0.0,Optimal,1,2369,0,0,0
1339,brimkov-outp,../inputs/case89pegase.graphml,89,206,43,1,696,711,0,34.0,34,0.0,Optimal,1,34536,0,0,0
1340,brimkov-outp,../inputs/case_south_carolina500.graphml,500,584,211,9,1875,4683,1,75.0,75,0.0,Optimal,1,64591,0,0,0
1341,brimkov-outp,../inputs/case89pegase.graphml,89,206,43,4,582,666,2,15.0,15,0.0,Optimal,1,36585,0,0,0
1342,brimkov-outp,../inputs/case3375wp.graphml,3374,4068,889,10,9432,14407,0,816.0,816,0.0,Optimal,1,722822,0,0,0
1343,brimkov-outp,../inputs/case_illinois200.graphml,200,245,44,0,1074,1348,1,156.0,156,0.0,Optimal,1,13912,0,0,0
1344,brimkov-outp,../inputs/case145.graphml,145,422,71,4,1263,2700,2,23.0,23,0.0,Optimal,1971,2063342,0,0,0
1345,brimkov-outp,../inputs/case_Texas.graphml,2000,2667,376,8,6045,12108,3,423.0,423,0.0,Optimal,1569,7704483,0,0,0
1346,brimkov-outp,../inputs/case96rts.graphml,73,108,9,1,389,254,3,33.0,33,0.0,Optimal,1,10536,0,0,0
1347,brimkov-outp,../inputs/case1888rte.graphml,1888,2308,681,12,5950,12070,3,375.0,375,0.0,Optimal,1,341429,0,0,0
1348,brimkov-outp,../inputs/case_ieee30.graphml,30,41,7,6,92,143,2,6.0,6,0.0,Optimal,1,2772,0,0,0
1349,brimkov-outp,../inputs/case_Texas.graphml,2000,2667,376,7,6133,12119,4,432.0,432,0.0,Optimal,3145,11909311,0,0,0
1350,brimkov-outp,../inputs/case2383wp.graphml,2383,2886,552,6,6789,9661,3,594.0,594,0.0,Optimal,1,762720,0,0,0
1351,brimkov-outp,../inputs/case_GB2224.graphml,2224,2804,1367,13,8520,19928,3,322.0,322,0.0,Optimal,3410,10689213,0,0,0
1352,brimkov-outp,../inputs/case2868rte.graphml,2868,3471,983,6,10230,19344,1,607.0,607,0.0,Optimal,313,3387837,0,0,0
1353,brimkov-outp,../inputs/case1888rte.graphml,1888,2308,681,8,6300,12106,3,375.0,375,0.0,Optimal,1,520057,0,0,0
1354,brimkov-outp,../inputs/case11_iwamoto.graphml,11,11,6,3,41,61,3,2.0,2,0.0,Optimal,1,1613,0,0,0
1355,brimkov-outp,../inputs/case118.graphml,118,179,11,2,515,352,4,37.0,37,0.0,Optimal,1,29581,0,0,0
1356,brimkov-outp,../inputs/case1888rte.graphml,1888,2308,681,6,6755,12168,0,382.0,382,0.0,Optimal,1,722846,0,0,0
1357,brimkov-outp,../inputs/case2869pegase.graphml,2869,3968,869,1,15446,16277,0,1395.0,1395,0.0,Optimal,2381,6715748,0,0,0
1358,brimkov-outp,../inputs/case2736sp.graphml,2736,3265,645,1,13421,12614,4,1204.0,1204,0.0,Optimal,2112,4185941,0,0,0
1359,brimkov-outp,../inputs/case2746wop.graphml,2746,3300,709,1,13654,12951,3,1187.0,1187,0.0,Optimal,3563,6323680,0,0,0
1360,brimkov-outp,../inputs/case_Texas.graphml,2000,2667,376,11,5819,12085,2,412.0,412,0.0,Optimal,11,2202816,0,0,0
1361,brimkov-outp,../inputs/case96rts.graphml,73,108,9,3,273,206,4,20.0,20,0.0,Optimal,1,24770,0,0,0
1362,brimkov-outp,../inputs/case1951rte.graphml,1951,2375,651,13,6082,12417,2,393.0,393,0.0,Optimal,1,387480,0,0,0
1363,brimkov-outp,../inputs/case1354pegase.graphml,1354,1710,422,3,5427,6885,4,379.0,379,0.0,Optimal,2445,3086124,0,0,0
1364,brimkov-outp,../inputs/case_illinois200.graphml,200,245,44,1,1002,1276,2,97.0,97,0.0,Optimal,1,36315,0,0,0
1365,brimkov-outp,../inputs/case89pegase.graphml,89,206,43,15,298,636,0,13.0,13,0.0,Optimal,1,10106,0,0,0
1366,brimkov-outp,../inputs/case3375wp.graphml,3374,4068,889,5,10292,14534,2,821.0,821,0.0,Optimal,3013,12508442,0,0,0
1367,brimkov-outp,../inputs/case_south_carolina500.graphml,500,584,211,14,1837,4680,3,75.0,75,0.0,Optimal,1,60273,0,0,0
1368,brimkov-outp,../inputs/case3375wp.graphml,3374,4068,889,7,9660,14434,2,816.0,816,0.0,Optimal,1,1778308,0,0,0
1369,brimkov-outp,../inputs/case_south_carolina500.graphml,500,584,211,7,1925,4689,2,78.0,78,0.0,Optimal,1,143839,0,0,0
1370,brimkov-outp,../inputs/case_GB2224.graphml,2224,2804,1367,2,12033,20763,4,518.0,518,0.0,Optimal,3373,67415025,0,0,0
1371,brimkov-outp,../inputs/case14.graphml,14,20,2,3,54,34,1,3.0,3,0.0,Optimal,1,1098,0,0,0
1372,brimkov-outp,../inputs/case_GBreduced29.graphml,29,50,0,5,64,30,2,7.0,7,0.0,Optimal,1,1220,0,0,0
1373,brimkov-outp,../inputs/case1354pegase.graphml,1354,1710,422,3,5427,6885,1,379.0,379,0.0,Optimal,2445,3081005,0,0,0
1374,brimkov-outp,../inputs/case6ww.graphml,6,11,1,0,37,22,4,5.0,5,0.0,Optimal,1,853,0,0,0
1375,brimkov-outp,../inputs/case_GB2224.graphml,2224,2804,1367,0,14114,22151,4,1016.0,1027,0.010710808179162609,Timeout,99796,900208336,0,0,0
1376,brimkov-outp,../inputs/case3012wp.graphml,3012,3566,726,6,8383,11183,2,756.0,756,0.0,Optimal,1,1094177,0,0,0
1377,brimkov-outp,../inputs/case2746wp.graphml,2746,3274,704,0,14051,13275,4,2046.0,2046,0.0,Optimal,1,256566,0,0,0
1378,brimkov-outp,../inputs/case2746wop.graphml,2746,3300,709,3,9442,11076,3,698.0,698,0.0,Optimal,1829,10245144,0,0,0
1379,brimkov-outp,../inputs/case2868rte.graphml,2868,3471,983,16,8979,19194,1,598.0,598,0.0,Optimal,1,592515,0,0,0
1380,brimkov-outp,../inputs/case2869pegase.graphml,2869,3968,869,5,10232,14425,0,629.0,629,0.0,Optimal,1,1842897,0,0,0
1381,brimkov-outp,../inputs/case3375wp.graphml,3374,4068,889,2,13601,15479,4,948.0,948,0.0,Optimal,68890,670662800,0,0,0
1382,brimkov-outp,../inputs/case145.graphml,145,422,71,20,596,2630,0,18.0,18,0.0,Optimal,1,113576,0,0,0
1383,brimkov-outp,../inputs/case39.graphml,39,46,10,4,115,154,2,9.0,9,0.0,Optimal,1,3316,0,0,0
1384,brimkov-outp,../inputs/case14.graphml,14,20,2,3,54,34,4,3.0,3,0.0,Optimal,1,1027,0,0,0
1385,brimkov-outp,../inputs/case_south_carolina500.graphml,500,584,211,11,1865,4682,0,75.0,75,0.0,Optimal,1,68654,0,0,0
1386,brimkov-outp,../inputs/case89pegase.graphml,89,206,43,2,646,686,3,21.0,21,0.0,Optimal,1,50964,0,0,0
1387,brimkov-outp,../inputs/case_GB2224.graphml,2224,2804,1367,10,8634,19938,0,322.0,322,0.0,Optimal,1932,18978788,0,0,0
1388,brimkov-outp,../inputs/case1354pegase.graphml,1354,1710,422,9,4031,6622,0,311.0,311,0.0,Optimal,1,112724,0,0,0
1389,brimkov-outp,../inputs/case39.graphml,39,46,10,0,202,192,1,29.0,29,0.0,Optimal,1,3433,0,0,0
1390,brimkov-outp,../inputs/case300.graphml,300,409,66,1,1555,1353,2,141.0,141,0.0,Optimal,1,45031,0,0,0
1391,brimkov-outp,../inputs/case2869pegase.graphml,2869,3968,869,7,9154,14255,0,616.0,616,0.0,Optimal,1,707780,0,0,0
1392,brimkov-outp,../inputs/case_Texas.graphml,2000,2667,376,15,5705,12076,1,411.0,411,0.0,Optimal,1079,5760562,0,0,0
1393,brimkov-outp,../inputs/case300.graphml,300,409,66,9,817,1123,0,72.0,72,0.0,Optimal,1,23134,0,0,0
1394,brimkov-outp,../inputs/case1951rte.graphml,1951,2375,651,10,6213,12428,1,394.0,394,0.0,Optimal,1,468180,0,0,0
1395,brimkov-outp,../inputs/case6ww.graphml,6,11,1,2,37,22,3,2.0,2,0.0,Optimal,1,837,0,0,0
1396,brimkov-outp,../inputs/case11_iwamoto.graphml,11,11,6,3,41,61,1,2.0,2,0.0,Optimal,1,1887,0,0,0
1397,brimkov-outp,../inputs/case2848rte.graphml,2848,3442,1023,9,9208,18829,2,585.0,585,0.0,Optimal,1,802906,0,0,0
1398,brimkov-outp,../inputs/case3012wp.graphml,3012,3566,726,8,8150,11151,0,755.0,755,0.0,Optimal,1,530512,0,0,0
1399,brimkov-outp,../inputs/case2869pegase.graphml,2869,3968,869,5,10232,14425,2,629.0,629,0.0,Optimal,1,1837271,0,0,0
1400,brimkov-outp,../inputs/case1354pegase.graphml,1354,1710,422,1,6747,7437,3,703.0,703,0.0,Optimal,1,264846,0,0,0
1401,brimkov-outp,../inputs/case1951rte.graphml,1951,2375,651,13,6082,12417,1,393.0,393,0.0,Optimal,1,399833,0,0,0
1402,brimkov-outp,../inputs/case_GB2224.graphml,2224,2804,1367,14,8506,19927,3,322.0,322,0.0,Optimal,3454,13909283,0,0,0
1403,brimkov-outp,../inputs/case1888rte.graphml,1888,2308,681,5,7079,12222,2,393.0,393,0.0,Optimal,1427,3858126,0,0,0
1404,brimkov-outp,../inputs/case57.graphml,57,78,15,2,245,210,4,14.0,14,0.0,Optimal,1,12098,0,0,0
1405,brimkov-outp,../inputs/case2869pegase.graphml,2869,3968,869,4,11032,14585,3,662.0,662,0.0,Optimal,1784,16149982,0,0,0
1406,brimkov-outp,../inputs/case3012wp.graphml,3012,3566,726,2,11618,12074,0,863.0,863,0.0,Optimal,2075,38457974,0,0,0
1407,brimkov-outp,../inputs/case1888rte.graphml,1888,2308,681,3,7871,12401,2,465.0,465,0.0,Optimal,1807,8262035,0,0,0
1408,brimkov-outp,../inputs/case1354pegase.graphml,1354,1710,422,3,5427,6885,2,379.0,379,0.0,Optimal,2445,3088302,0,0,0
1409,brimkov-outp,../inputs/case_south_carolina500.graphml,500,584,211,9,1875,4683,0,75.0,75,0.0,Optimal,1,68270,0,0,0
1410,brimkov-outp,../inputs/case2869pegase.graphml,2869,3968,869,9,8740,14206,2,612.0,612,0.0,Optimal,1,518082,0,0,0
1411,brimkov-outp,../inputs/case3012wp.graphml,3012,3566,726,4,9247,11346,0,762.0,762,0.0,Optimal,798,3278786,0,0,0
1412,brimkov-outp,../inputs/case300.graphml,300,409,66,5,913,1137,4,75.0,75,0.0,Optimal,1,33312,0,0,0
1413,brimkov-outp,../inputs/case30.graphml,30,41,7,5,94,124,0,6.0,6,0.0,Optimal,1,4136,0,0,0
1414,brimkov-outp,../inputs/case_south_carolina500.graphml,500,584,211,13,1865,4682,1,75.0,75,0.0,Optimal,1,75396,0,0,0
1415,brimkov-outp,../inputs/case3120sp.graphml,3120,3684,798,5,9150,11962,1,770.0,770,0.0,Optimal,5443,12639466,0,0,0
1416,brimkov-outp,../inputs/case1888rte.graphml,1888,2308,681,9,6084,12082,3,375.0,375,0.0,Optimal,1,400164,0,0,0
1417,brimkov-outp,../inputs/case89pegase.graphml,89,206,43,2,646,686,4,21.0,21,0.0,Optimal,1,50723,0,0,0
1418,brimkov-outp,../inputs/case2746wp.graphml,2746,3274,704,7,7612,10542,3,684.0,684,0.0,Optimal,1,631044,0,0,0
1419,brimkov-outp,../inputs/case_Texas.graphml,2000,2667,376,2,9359,13015,1,647.0,647,0.0,Optimal,2550,28321991,0,0,0
1420,brimkov-outp,../inputs/case_GBreduced29.graphml,29,50,0,0,158,58,3,29.0,29,0.0,Optimal,0,522,0,0,0
1421,brimkov-outp,../inputs/case1354pegase.graphml,1354,1710,422,11,3888,6608,0,311.0,311,0.0,Optimal,1,91602,0,0,0
1422,brimkov-outp,../inputs/case2737sop.graphml,2737,3266,655,7,7507,10416,0,683.0,683,0.0,Optimal,1,504627,0,0,0
1423,brimkov-outp,../inputs/case2383wp.graphml,2383,2886,552,5,7107,9714,2,596.0,596,0.0,Optimal,21,1197826,0,0,0
1424,brimkov-outp,../inputs/case39.graphml,39,46,10,1,193,183,0,16.0,16,0.0,Optimal,1,6351,0,0,0
1425,brimkov-outp,../inputs/case145.graphml,145,422,71,11,895,2649,0,18.0,18,0.0,Optimal,229,447343,0,0,0
1426,brimkov-outp,../inputs/case_south_carolina500.graphml,500,584,211,14,1837,4680,2,75.0,75,0.0,Optimal,1,60525,0,0,0
1427,brimkov-outp,../inputs/case300.graphml,300,409,66,10,817,1123,0,72.0,72,0.0,Optimal,1,23178,0,0,0
1428,brimkov-outp,../inputs/case33bw.graphml,33,32,1,3,67,35,2,11.0,11,0.0,Optimal,0,460,0,0,0
1429,brimkov-outp,../inputs/case_GB2224.graphml,2224,2804,1367,9,8704,19945,2,322.0,322,0.0,Optimal,1827,18109177,0,0,0
1430,brimkov-outp,../inputs/case3012wp.graphml,3012,3566,726,3,9995,11533,4,780.0,780,0.0,Optimal,1784,14960878,0,0,0
1431,brimkov-outp,../inputs/case2383wp.graphml,2383,2886,552,2,9534,10395,4,693.0,693,0.0,Optimal,1718,9607880,0,0,0
1432,brimkov-outp,../inputs/case89pegase.graphml,89,206,43,0,710,725,2,47.0,47,0.0,Optimal,1,7333,0,0,0
1433,brimkov-outp,../inputs/case1888rte.graphml,1888,2308,681,7,6468,12127,0,377.0,377,0.0,Optimal,1,574301,0,0,0
1434,brimkov-outp,../inputs/case24_ieee_rts.graphml,24,34,4,3,83,78,4,6.0,6,0.0,Optimal,1,2255,0,0,0
1435,brimkov-outp,../inputs/case2869pegase.graphml,2869,3968,869,13,8338,14169,3,612.0,612,0.0,Optimal,1,326129,0,0,0
1436,brimkov-outp,../inputs/case2868rte.graphml,2868,3471,983,13,9024,19197,3,598.0,598,0.0,Optimal,1,622139,0,0,0
1437,brimkov-outp,../inputs/case3012wp.graphml,3012,3566,726,7,8222,11160,1,755.0,755,0.0,Optimal,1,480723,0,0,0
1438,brimkov-outp,../inputs/case1354pegase.graphml,1354,1710,422,12,3888,6608,0,311.0,311,0.0,Optimal,1,93724,0,0,0
1439,brimkov-outp,../inputs/case2848rte.graphml,2848,3442,1023,5,10611,19027,3,606.0,606,0.0,Optimal,2546,12375954,0,0,0
1440,brimkov-outp,../inputs/case2746wop.graphml,2746,3300,709,3,9442,11076,1,698.0,698,0.0,Optimal,1829,10246128,0,0,0
1441,brimkov-outp,../inputs/case3120sp.graphml,3120,3684,798,6,8802,11904,1,768.0,768,0.0,Optimal,1,922323,0,0,0
1442,brimkov-outp,../inputs/case24_ieee_rts.graphml,24,34,4,0,129,97,2,20.0,20,0.0,Optimal,1,2403,0,0,0
1443,brimkov-outp,../inputs/case3375wp.graphml,3374,4068,889,3,11810,14882,1,851.0,851,0.0,Optimal,4209,54193191,0,0,0
1444,brimkov-outp,../inputs/case3120sp.graphml,3120,3684,798,1,15305,14419,2,1353.0,1353,0.0,Optimal,1531,3789002,0,0,0
1445,brimkov-outp,../inputs/case3120sp.graphml,3120,3684,798,3,10427,12254,2,794.0,794,0.0,Optimal,1896,17511739,0,0,0
1446,brimkov-outp,../inputs/case2848rte.graphml,2848,3442,1023,5,10611,19027,1,606.0,606,0.0,Optimal,2546,12412209,0,0,0
1447,brimkov-outp,../inputs/case_Texas.graphml,2000,2667,376,15,5705,12076,3,411.0,411,0.0,Optimal,1079,5772995,0,0,0
1448,brimkov-outp,../inputs/case30.graphml,30,41,7,3,115,129,4,7.0,7,0.0,Optimal,1,4094,0,0,0
1449,brimkov-outp,../inputs/case2746wp.graphml,2746,3274,704,1,13559,12783,3,1194.0,1194,0.0,Optimal,2077,5167068,0,0,0
1450,brimkov-outp,../inputs/case2736sp.graphml,2736,3265,645,4,8458,10552,0,689.0,689,0.0,Optimal,2719,7552571,0,0,0
1451,brimkov-outp,../inputs/case145.graphml,145,422,71,12,883,2648,2,18.0,18,0.0,Optimal,171,367017,0,0,0
1452,brimkov-outp,../inputs/case39.graphml,39,46,10,5,110,153,1,9.0,9,0.0,Optimal,1,2955,0,0,0
1453,brimkov-outp,../inputs/case_GB2224.graphml,2224,2804,1367,4,10129,20169,1,359.0,359,0.0,Optimal,1664,35183528,0,0,0
1454,brimkov-outp,../inputs/case1354pegase.graphml,1354,1710,422,13,3849,6605,2,311.0,311,0.0,Optimal,1,84571,0,0,0
1455,brimkov-outp,../inputs/case_south_carolina500.graphml,500,584,211,4,2180,4734,2,89.0,89,0.0,Optimal,489,1210479,0,0,0
1456,brimkov-outp,../inputs/case24_ieee_rts.graphml,24,34,4,5,61,73,3,6.0,6,0.0,Optimal,1,1577,0,0,0
1457,brimkov-outp,../inputs/case96rts.graphml,73,108,9,0,391,256,0,64.0,64,0.0,Optimal,1,5887,0,0,0
1458,brimkov-outp,../inputs/case11_iwamoto.graphml,11,11,6,0,59,71,1,5.0,5,0.0,Optimal,1,2166,0,0,0
1459,brimkov-outp,../inputs/case_illinois200.graphml,200,245,44,9,605,1150,3,39.0,39,0.0,Optimal,1,21852,0,0,0
1460,brimkov-outp,../inputs/case2869pegase.graphml,2869,3968,869,1,15446,16277,3,1395.0,1395,0.0,Optimal,2381,6644936,0,0,0
1461,brimkov-outp,../inputs/case118.graphml,118,179,11,2,515,352,1,37.0,37,0.0,Optimal,1,29782,0,0,0
1462,brimkov-outp,../inputs/case1354pegase.graphml,1354,1710,422,8,4103,6630,3,311.0,311,0.0,Optimal,1,116465,0,0,0
1463,brimkov-outp,../inputs/case1951rte.graphml,1951,2375,651,2,8898,13030,3,616.0,616,0.0,Optimal,49,3860175,0,0,0
1464,brimkov-outp,../inputs/case_illinois200.graphml,200,245,44,11,584,1148,2,39.0,39,0.0,Optimal,1,15789,0,0,0
1465,brimkov-outp,../inputs/case_illinois200.graphml,200,245,44,11,584,1148,3,39.0,39,0.0,Optimal,1,15690,0,0,0
1466,brimkov-outp,../inputs/case30.graphml,30,41,7,0,163,152,3,23.0,23,0.0,Optimal,1,2163,0,0,0
1467,brimkov-outp,../inputs/case33bw.graphml,33,32,1,3,67,35,1,11.0,11,0.0,Optimal,0,524,0,0,0
1468,brimkov-outp,../inputs/case2736sp.graphml,2736,3265,645,8,7421,10368,4,682.0,682,0.0,Optimal,1,441788,0,0,0
1469,brimkov-outp,../inputs/case2848rte.graphml,2848,3442,1023,11,9083,18817,3,585.0,585,0.0,Optimal,1,675452,0,0,0
1470,brimkov-outp,../inputs/case118.graphml,118,179,11,3,458,333,0,31.0,31,0.0,Optimal,1,56594,0,0,0
1471,brimkov-outp,../inputs/case1951rte.graphml,1951,2375,651,10,6213,12428,3,394.0,394,0.0,Optimal,1,479052,0,0,0
1472,brimkov-outp,../inputs/case89pegase.graphml,89,206,43,0,710,725,3,47.0,47,0.0,Optimal,1,7224,0,0,0
1473,brimkov-outp,../inputs/case2848rte.graphml,2848,3442,1023,6,10167,18953,2,593.0,593,0.0,Optimal,734,3735427,0,0,0
1474,brimkov-outp,../inputs/case1354pegase.graphml,1354,1710,422,12,3888,6608,4,311.0,311,0.0,Optimal,1,89655,0,0,0
1475,brimkov-outp,../inputs/case24_ieee_rts.graphml,24,34,4,2,110,87,4,7.0,7,0.0,Optimal,1,3007,0,0,0
1476,brimkov-outp,../inputs/case_GB2224.graphml,2224,2804,1367,1,13419,21456,3,821.0,821,0.0,Optimal,1891,26892185,0,0,0
1477,brimkov-outp,../inputs/case_GB2224.graphml,2224,2804,1367,6,9412,20037,1,329.0,329,0.0,Optimal,1580,17437314,0,0,0
1478,brimkov-outp,../inputs/case2848rte.graphml,2848,3442,1023,10,9138,18822,0,585.0,585,0.0,Optimal,1,630766,0,0,0
1479,brimkov-outp,../inputs/case145.graphml,145,422,71,0,1440,2775,4,91.0,91,0.0,Optimal,13559,3969471,0,0,0
1480,brimkov-outp,../inputs/case6ww.graphml,6,11,1,2,37,22,4,2.0,2,0.0,Optimal,1,881,0,0,0
1481,brimkov-outp,../inputs/case2848rte.graphml,2848,3442,1023,1,14731,20554,3,1297.0,1297,0.0,Optimal,1,3427847,0,0,0
1482,brimkov-outp,../inputs/case2848rte.graphml,2848,3442,1023,1,14731,20554,1,1297.0,1297,0.0,Optimal,1,3385440,0,0,0
1483,brimkov-outp,../inputs/case9.graphml,9,9,4,2,37,44,2,2.0,2,0.0,Optimal,1,2261,0,0,0
1484,brimkov-outp,../inputs/case89pegase.graphml,89,206,43,11,444,647,3,13.0,13,0.0,Optimal,1,19437,0,0,0
1485,brimkov-outp,../inputs/case_illinois200.graphml,200,245,44,11,584,1148,1,39.0,39,0.0,Optimal,1,16002,0,0,0
1486,brimkov-outp,../inputs/case2737sop.graphml,2737,3266,655,9,7390,10402,1,683.0,683,0.0,Optimal,1,364304,0,0,0
1487,brimkov-outp,../inputs/case89pegase.graphml,89,206,43,13,370,641,0,13.0,13,0.0,Optimal,1,19192,0,0,0
1488,brimkov-outp,../inputs/case6ww.graphml,6,11,1,4,25,18,0,1.0,1,0.0,Optimal,1,2921,0,0,0
1489,brimkov-outp,../inputs/case118.graphml,118,179,11,4,398,318,2,30.0,30,0.0,Optimal,1,28823,0,0,0
1490,brimkov-outp,../inputs/case_GB2224.graphml,2224,2804,1367,3,10617,20291,4,410.0,410,0.0,Optimal,2039,35751601,0,0,0
1491,brimkov-outp,../inputs/case_south_carolina500.graphml,500,584,211,12,1865,4682,4,75.0,75,0.0,Optimal,1,79438,0,0,0
1492,brimkov-outp,../inputs/case3375wp.graphml,3374,4068,889,9,9452,14409,0,816.0,816,0.0,Optimal,1,808521,0,0,0
1493,brimkov-outp,../inputs/case14.graphml,14,20,2,5,33,29,2,3.0,3,0.0,Optimal,0,490,0,0,0
1494,brimkov-outp,../inputs/case2868rte.graphml,2868,3471,983,7,9810,19284,1,600.0,600,0.0,Optimal,1,1179669,0,0,0
1495,brimkov-outp,../inputs/case2848rte.graphml,2848,3442,1023,4,11106,19126,1,637.0,637,0.0,Optimal,2834,15972209,0,0,0
1496,brimkov-outp,../inputs/case1354pegase.graphml,1354,1710,422,2,6075,7101,3,467.0,467,0.0,Optimal,1,934557,0,0,0
1497,brimkov-outp,../inputs/case_Texas.graphml,2000,2667,376,7,6133,12119,3,432.0,432,0.0,Optimal,3145,11879483,0,0,0
1498,brimkov-outp,../inputs/case_south_carolina500.graphml,500,584,211,1,2744,4919,4,181.0,181,0.0,Optimal,1,204181,0,0,0
1499,brimkov-outp,../inputs/case2848rte.graphml,2848,3442,1023,14,8947,18806,3,585.0,585,0.0,Optimal,1,599003,0,0,0
1500,brimkov-outp,../inputs/case2868rte.graphml,2868,3471,983,8,9466,19241,2,600.0,600,0.0,Optimal,1,1216893,0,0,0
1501,brimkov-outp,../inputs/case_south_carolina500.graphml,500,584,211,9,1875,4683,2,75.0,75,0.0,Optimal,1,63607,0,0,0
1502,brimkov-outp,../inputs/case3120sp.graphml,3120,3684,798,0,15870,14984,2,2328.0,2328,0.0,Optimal,1,299397,0,0,0
1503,brimkov-outp,../inputs/case_Texas.graphml,2000,2667,376,1,10567,13619,0,939.0,939,0.0,Optimal,3541,10498695,0,0,0
1504,brimkov-outp,../inputs/case24_ieee_rts.graphml,24,34,4,4,71,75,3,6.0,6,0.0,Optimal,1,1947,0,0,0
1505,brimkov-outp,../inputs/case2868rte.graphml,2868,3471,983,12,9037,19198,4,598.0,598,0.0,Optimal,1,614341,0,0,0
1506,brimkov-outp,../inputs/case2868rte.graphml,2868,3471,983,3,11850,19688,2,722.0,722,0.0,Optimal,1541,13690837,0,0,0
1507,brimkov-outp,../inputs/case1951rte.graphml,1951,2375,651,9,6263,12433,1,396.0,396,0.0,Optimal,1,455758,0,0,0
1508,brimkov-outp,../inputs/case2848rte.graphml,2848,3442,1023,13,8975,18808,1,585.0,585,0.0,Optimal,1,561341,0,0,0
1509,brimkov-outp,../inputs/case57.graphml,57,78,15,4,181,191,2,12.0,12,0.0,Optimal,1,8049,0,0,0
1510,brimkov-outp,../inputs/case300.graphml,300,409,66,6,877,1131,3,74.0,74,0.0,Optimal,1,30227,0,0,0
1511,brimkov-outp,../inputs/case39.graphml,39,46,10,4,115,154,3,9.0,9,0.0,Optimal,1,3338,0,0,0
1512,brimkov-outp,../inputs/case96rts.graphml,73,108,9,5,175,183,1,19.0,19,0.0,Optimal,1,4434,0,0,0
1513,brimkov-outp,../inputs/case_Texas.graphml,2000,2667,376,14,5705,12076,0,411.0,411,0.0,Optimal,617,4423864,0,0,0
1514,brimkov-outp,../inputs/case6ww.graphml,6,11,1,5,15,16,0,1.0,1,0.0,Optimal,0,1711,0,0,0
1515,brimkov-outp,../inputs/case_illinois200.graphml,200,245,44,6,634,1154,4,42.0,42,0.0,Optimal,1,36019,0,0,0
1516,brimkov-outp,../inputs/case2737sop.graphml,2737,3266,655,0,13922,13139,3,2087.0,2087,0.0,Optimal,1,353031,0,0,0
1517,brimkov-outp,../inputs/case1951rte.graphml,1951,2375,651,4,7661,12653,2,441.0,441,0.0,Optimal,55,1994780,0,0,0
1518,brimkov-outp,../inputs/case118.graphml,118,179,11,5,343,307,1,29.0,29,0.0,Optimal,1,11474,0,0,0
1519,brimkov-outp,../inputs/case3375wp.graphml,3374,4068,889,8,9524,14417,4,816.0,816,0.0,Optimal,1,743377,0,0,0
1520,brimkov-outp,../inputs/case145.graphml,145,422,71,8,995,2659,4,18.0,18,0.0,Optimal,363,920458,0,0,0
1521,brimkov-outp,../inputs/case300.graphml,300,409,66,10,817,1123,1,72.0,72,0.0,Optimal,1,20673,0,0,0
1522,brimkov-outp,../inputs/case1951rte.graphml,1951,2375,651,1,10036,13599,4,926.0,926,0.0,Optimal,1,681374,0,0,0
1523,brimkov-outp,../inputs/case118.graphml,118,179,11,8,285,298,1,29.0,29,0.0,Optimal,1,8744,0,0,0
1524,brimkov-outp,../inputs/case145.graphml,145,422,71,9,950,2654,1,18.0,18,0.0,Optimal,648,888311,0,0,0
1525,brimkov-outp,../inputs/case_iceland118.graphml,189,203,110,0,1058,1486,2,96.0,96,0.0,Optimal,1,30468,0,0,0
1526,brimkov-outp,../inputs/case96rts.graphml,73,108,9,4,205,189,2,19.0,19,0.0,Optimal,1,8456,0,0,0
1527,brimkov-outp,../inputs/case145.graphml,145,422,71,7,1067,2668,3,18.0,18,0.0,Optimal,418,905472,0,0,0
1528,brimkov-outp,../inputs/case_ieee30.graphml,30,41,7,4,103,145,0,6.0,6,0.0,Optimal,1,5355,0,0,0
1529,brimkov-outp,../inputs/case39.graphml,39,46,10,5,110,153,4,9.0,9,0.0,Optimal,1,2810,0,0,0
1530,brimkov-outp,../inputs/case9.graphml,9,9,4,2,37,44,4,2.0,2,0.0,Optimal,1,2096,0,0,0
1531,brimkov-outp,../inputs/case3375wp.graphml,3374,4068,889,1,16871,17114,3,1454.0,1454,0.0,Optimal,2188,10497546,0,0,0
1532,brimkov-outp,../inputs/case1888rte.graphml,1888,2308,681,14,5923,12068,4,375.0,375,0.0,Optimal,1,272303,0,0,0
1533,brimkov-outp,../inputs/case24_ieee_rts.graphml,24,34,4,0,129,97,3,20.0,20,0.0,Optimal,1,2401,0,0,0
1534,brimkov-outp,../inputs/case_Texas.graphml,2000,2667,376,2,9359,13015,3,647.0,647,0.0,Optimal,2550,28328730,0,0,0
1535,brimkov-outp,../inputs/case_ieee30.graphml,30,41,7,2,134,154,2,8.0,8,0.0,Optimal,1,4268,0,0,0
1536,brimkov-outp,../inputs/case2869pegase.graphml,2869,3968,869,7,9154,14255,4,616.0,616,0.0,Optimal,1,699036,0,0,0
1537,brimkov-outp,../inputs/case2383wp.graphml,2383,2886,552,8,6526,9625,4,594.0,594,0.0,Optimal,1,273000,0,0,0
1538,brimkov-outp,../inputs/case_Texas.graphml,2000,2667,376,12,5771,12081,1,411.0,411,0.0,Optimal,16,3589652,0,0,0
1539,brimkov-outp,../inputs/case_GBreduced29.graphml,29,50,0,2,148,53,4,10.0,10,0.0,Optimal,1,2929,0,0,0
1540,brimkov-outp,../inputs/case_GBreduced29.graphml,29,50,0,4,89,35,2,7.0,7,0.0,Optimal,1,1964,0,0,0
1541,brimkov-outp,../inputs/case145.graphml,145,422,71,16,743,2638,2,18.0,18,0.0,Optimal,1,276304,0,0,0
1542,brimkov-outp,../inputs/case2736sp.graphml,2736,3265,645,0,13906,13099,3,2096.0,2096,0.0,Optimal,1,273299,0,0,0
1543,brimkov-outp,../inputs/case96rts.graphml,73,108,9,0,391,256,2,64.0,64,0.0,Optimal,1,4007,0,0,0
1544,brimkov-outp,../inputs/case1888rte.graphml,1888,2308,681,2,8750,12694,0,570.0,570,0.0,Optimal,2478,10959649,0,0,0
1545,brimkov-outp,../inputs/case3120sp.graphml,3120,3684,798,6,8802,11904,4,768.0,768,0.0,Optimal,1,917624,0,0,0
1546,brimkov-outp,../inputs/case1951rte.graphml,1951,2375,651,11,6169,12424,4,393.0,393,0.0,Optimal,1,415948,0,0,0
1547,brimkov-outp,../inputs/case24_ieee_rts.graphml,24,34,4,4,71,75,1,6.0,6,0.0,Optimal,1,2149,0,0,0
1548,brimkov-outp,../inputs/case_ieee30.graphml,30,41,7,3,119,149,0,7.0,7,0.0,Optimal,1,6653,0,0,0
1549,brimkov-outp,../inputs/case_Texas.graphml,2000,2667,376,12,5771,12081,2,411.0,411,0.0,Optimal,16,3613514,0,0,0
1550,brimkov-outp,../inputs/case_GB2224.graphml,2224,2804,1367,14,8506,19927,0,322.0,322,0.0,Optimal,3454,13938260,0,0,0
1551,brimkov-outp,../inputs/case3012wp.graphml,3012,3566,726,2,11618,12074,3,863.0,863,0.0,Optimal,2075,38445372,0,0,0
1552,brimkov-outp,../inputs/case2848rte.graphml,2848,3442,1023,4,11106,19126,4,637.0,637,0.0,Optimal,2834,15957563,0,0,0
1553,brimkov-outp,../inputs/case2736sp.graphml,2736,3265,645,9,7376,10363,1,682.0,682,0.0,Optimal,1,476183,0,0,0
1554,brimkov-outp,../inputs/case_illinois200.graphml,200,245,44,4,719,1170,2,50.0,50,0.0,Optimal,1,70803,0,0,0
1555,brimkov-outp,../inputs/case_GB2224.graphml,2224,2804,1367,9,8704,19945,4,322.0,322,0.0,Optimal,1827,18262425,0,0,0
1556,brimkov-outp,../inputs/case3375wp.graphml,3374,4068,889,3,11810,14882,0,851.0,851,0.0,Optimal,4209,54361190,0,0,0
1557,brimkov-outp,../inputs/case1888rte.graphml,1888,2308,681,10,6054,12079,3,375.0,375,0.0,Optimal,1,381505,0,0,0
1558,brimkov-outp,../inputs/case2869pegase.graphml,2869,3968,869,15,8266,14164,0,612.0,612,0.0,Optimal,1,329432,0,0,0
1559,brimkov-outp,../inputs/case145.graphml,145,422,71,4,1263,2700,4,23.0,23,0.0,Optimal,1971,2059394,0,0,0
1560,brimkov-outp,../inputs/case_GB2224.graphml,2224,2804,1367,8,8884,19965,4,323.0,323,0.0,Optimal,1919,17802108,0,0,0
1561,brimkov-outp,../inputs/case3012wp.graphml,3012,3566,726,0,15236,14158,2,2293.0,2293,0.0,Optimal,1,357397,0,0,0
1562,brimkov-outp,../inputs/case2868rte.graphml,2868,3471,983,14,9010,19196,2,598.0,598,0.0,Optimal,1,586624,0,0,0
1563,brimkov-outp,../inputs/case2746wop.graphml,2746,3300,709,2,10828,11538,0,771.0,771,0.0,Optimal,3712,38081167,0,0,0
1564,brimkov-outp,../inputs/case89pegase.graphml,89,206,43,7,519,655,0,13.0,13,0.0,Optimal,1,25652,0,0,0
1565,brimkov-outp,../inputs/case_south_carolina500.graphml,500,584,211,2,2700,4897,3,120.0,120,0.0,Optimal,1,499318,0,0,0
1566,brimkov-outp,../inputs/case300.graphml,300,409,66,11,806,1122,1,72.0,72,0.0,Optimal,1,20008,0,0,0
1567,brimkov-outp,../inputs/case300.graphml,300,409,66,1,1555,1353,0,141.0,141,0.0,Optimal,1,48734,0,0,0
1568,brimkov-outp,../inputs/case118.graphml,118,179,11,7,293,299,1,29.0,29,0.0,Optimal,1,8111,0,0,0
1569,brimkov-outp,../inputs/case11_iwamoto.graphml,11,11,6,2,47,63,1,2.0,2,0.0,Optimal,1,1151,0,0,0
1570,brimkov-outp,../inputs/case3375wp.graphml,3374,4068,889,0,17535,17778,0,2498.0,2498,0.0,Optimal,498,1957527,0,0,0
1571,brimkov-outp,../inputs/case2848rte.graphml,2848,3442,1023,1,14731,20554,2,1297.0,1297,0.0,Optimal,1,3451721,0,0,0
1572,brimkov-outp,../inputs/case1354pegase.graphml,1354,1710,422,5,4718,6724,0,322.0,322,0.0,Optimal,1,303846,0,0,0
1573,brimkov-outp,../inputs/case57.graphml,57,78,15,0,310,243,4,42.0,42,0.0,Optimal,1,3501,0,0,0
1574,brimkov-outp,../inputs/case96rts.graphml,73,108,9,5,175,183,3,19.0,19,0.0,Optimal,1,4197,0,0,0
1575,brimkov-outp,../inputs/case2736sp.graphml,2736,3265,645,6,7647,10399,4,682.0,682,0.0,Optimal,1,1500247,0,0,0
1576,brimkov-outp,../inputs/case6ww.graphml,6,11,1,4,25,18,4,1.0,1,0.0,Optimal,1,1440,0,0,0
1577,brimkov-outp,../inputs/case2736sp.graphml,2736,3265,645,4,8458,10552,3,689.0,689,0.0,Optimal,2719,7570580,0,0,0
1578,brimkov-outp,../inputs/case2736sp.graphml,2736,3265,645,2,10583,11195,1,776.0,776,0.0,Optimal,1591,19592244,0,0,0
1579,brimkov-outp,../inputs/case2383wp.graphml,2383,2886,552,1,11740,11498,2,1065.0,1065,0.0,Optimal,1,644022,0,0,0
1580,brimkov-outp,../inputs/case145.graphml,145,422,71,16,743,2638,0,18.0,18,0.0,Optimal,1,281750,0,0,0
1581,brimkov-outp,../inputs/case2746wop.graphml,2746,3300,709,4,8658,10880,3,683.0,683,0.0,Optimal,3891,10443114,0,0,0
1582,brimkov-outp,../inputs/case89pegase.graphml,89,206,43,7,519,655,2,13.0,13,0.0,Optimal,1,22838,0,0,0
1583,brimkov-outp,../inputs/case_illinois200.graphml,200,245,44,4,719,1170,1,50.0,50,0.0,Optimal,1,70990,0,0,0
1584,brimkov-outp,../inputs/case2848rte.graphml,2848,3442,1023,2,13103,19740,0,862.0,862,0.0,Optimal,1780,21052518,0,0,0
1585,brimkov-outp,../inputs/case3375wp.graphml,3374,4068,889,9,9452,14409,3,816.0,816,0.0,Optimal,1,795305,0,0,0
1586,brimkov-outp,../inputs/case2848rte.graphml,2848,3442,1023,3,11726,19281,2,701.0,701,0.0,Optimal,1893,15332710,0,0,0
1587,brimkov-outp,../inputs/case39.graphml,39,46,10,2,169,171,2,10.0,10,0.0,Optimal,1,7523,0,0,0
1588,brimkov-outp,../inputs/case118.graphml,118,179,11,5,343,307,4,29.0,29,0.0,Optimal,1,11120,0,0,0
1589,brimkov-outp,../inputs/case2868rte.graphml,2868,3471,983,4,11166,19517,1,655.0,655,0.0,Optimal,3335,14959464,0,0,0
1590,brimkov-outp,../inputs/case6468rte.graphml,6468,8065,2384,0,36499,48149,3,4204.0,4204,0.0,Optimal,1674,49374872,0,0,0
1591,brimkov-outp,../inputs/case_iceland118.graphml,189,203,110,3,787,1323,0,44.0,44,0.0,Optimal,1,53816,0,0,0
1592,brimkov-outp,../inputs/case2869pegase.graphml,2869,3968,869,12,8403,14174,0,612.0,612,0.0,Optimal,1,377734,0,0,0
1593,brimkov-outp,../inputs/case2737sop.graphml,2737,3266,655,3,9256,10787,1,705.0,705,0.0,Optimal,2373,11972652,0,0,0
1594,brimkov-outp,../inputs/case3120sp.graphml,3120,3684,798,4,9695,12071,3,774.0,774,0.0,Optimal,2637,12183794,0,0,0
1595,brimkov-outp,../inputs/case89pegase.graphml,89,206,43,8,511,654,2,13.0,13,0.0,Optimal,1,25665,0,0,0
1596,brimkov-outp,../inputs/case2383wp.graphml,2383,2886,552,4,7582,9809,2,605.0,605,0.0,Optimal,1562,3622354,0,0,0
1597,brimkov-outp,../inputs/case2746wop.graphml,2746,3300,709,0,14133,13430,1,2041.0,2041,0.0,Optimal,1,258800,0,0,0
1598,brimkov-outp,../inputs/case_ieee30.graphml,30,41,7,3,119,149,4,7.0,7,0.0,Optimal,1,4769,0,0,0
1599,brimkov-outp,../inputs/case_south_carolina500.graphml,500,584,211,8,1893,4685,2,76.0,76,0.0,Optimal,1,95164,0,0,0
1600,brimkov-outp,../inputs/case_iceland118.graphml,189,203,110,0,1058,1486,3,96.0,96,0.0,Optimal,1,30384,0,0,0
1601,brimkov-outp,../inputs/case_illinois200.graphml,200,245,44,5,664,1159,2,45.0,45,0.0,Optimal,1,46389,0,0,0
1602,brimkov-outp,../inputs/case2737sop.graphml,2737,3266,655,2,10597,11234,2,779.0,779,0.0,Optimal,1639,32181693,0,0,0
1603,brimkov-outp,../inputs/case1354pegase.graphml,1354,1710,422,11,3888,6608,1,311.0,311,0.0,Optimal,1,87398,0,0,0
1604,brimkov-outp,../inputs/case1951rte.graphml,1951,2375,651,15,6053,12415,2,393.0,393,0.0,Optimal,1,284189,0,0,0
1605,brimkov-outp,../inputs/case_iceland118.graphml,189,203,110,3,787,1323,1,44.0,44,0.0,Optimal,1,50423,0,0,0
1606,brimkov-outp,../inputs/case11_iwamoto.graphml,11,11,6,1,55,67,3,4.0,4,0.0,Optimal,1,1972,0,0,0
1607,brimkov-outp,../inputs/case_GB2224.graphml,2224,2804,1367,5,9754,20094,4,338.0,338,0.0,Optimal,1618,21739528,0,0,0
1608,brimkov-outp,../inputs/case6ww.graphml,6,11,1,1,37,22,0,3.0,3,0.0,Optimal,1,2834,0,0,0
1609,brimkov-outp,../inputs/case2736sp.graphml,2736,3265,645,7,7493,10377,3,682.0,682,0.0,Optimal,1,489196,0,0,0
1610,brimkov-outp,../inputs/case_south_carolina500.graphml,500,584,211,14,1837,4680,4,75.0,75,0.0,Optimal,1,60162,0,0,0
1611,brimkov-outp,../inputs/case1888rte.graphml,1888,2308,681,13,5937,12069,0,375.0,375,0.0,Optimal,1,332540,0,0,0
1612,brimkov-outp,../inputs/case14.graphml,14,20,2,3,54,34,0,3.0,3,0.0,Optimal,1,2448,0,0,0
1613,brimkov-outp,../inputs/case2868rte.graphml,2868,3471,983,10,9199,19212,4,598.0,598,0.0,Optimal,1,743902,0,0,0
1614,brimkov-outp,../inputs/case_GBreduced29.graphml,29,50,0,3,109,40,0,8.0,8,0.0,Optimal,1,4495,0,0,0
1615,brimkov-outp,../inputs/case3120sp.graphml,3120,3684,798,7,8613,11877,3,768.0,768,0.0,Optimal,211,1270839,0,0,0
1616,brimkov-outp,../inputs/case_south_carolina500.graphml,500,584,211,0,3005,5180,0,289.0,289,0.0,Optimal,1,49962,0,0,0
1617,brimkov-outp,../inputs/case4gs.graphml,4,4,0,1,16,8,4,2.0,2,0.0,Optimal,1,475,0,0,0
1618,brimkov-outp,../inputs/case_GB2224.graphml,2224,2804,1367,1,13419,21456,2,821.0,821,0.0,Optimal,1891,26912009,0,0,0
1619,brimkov-outp,../inputs/case_GBreduced29.graphml,29,50,0,1,158,58,1,15.0,15,0.0,Optimal,1,3724,0,0,0
1620,brimkov-outp,../inputs/case145.graphml,145,422,71,1,1429,2764,1,55.0,55,0.0,Optimal,2510,1273311,0,0,0
1621,brimkov-outp,../inputs/case39.graphml,39,46,10,0,202,192,2,29.0,29,0.0,Optimal,1,3289,0,0,0
1622,brimkov-outp,../inputs/case145.graphml,145,422,71,1,1429,2764,2,55.0,55,0.0,Optimal,2510,1277268,0,0,0
1623,brimkov-outp,../inputs/case1951rte.graphml,1951,2375,651,10,6213,12428,4,394.0,394,0.0,Optimal,1,475339,0,0,0
1624,brimkov-outp,../inputs/case_ieee30.graphml,30,41,7,4,103,145,1,6.0,6,0.0,Optimal,1,3807,0,0,0
1625,brimkov-outp,../inputs/case_GB2224.graphml,2224,2804,1367,13,8520,19928,0,322.0,322,0.0,Optimal,3410,10662431,0,0,0
1626,brimkov-outp,../inputs/case2868rte.graphml,2868,3471,983,1,14823,20964,3,1330.0,1330,0.0,Optimal,1,1546539,0,0,0
1627,brimkov-outp,../inputs/case_illinois200.graphml,200,245,44,5,664,1159,4,45.0,45,0.0,Optimal,1,46643,0,0,0
1628,brimkov-outp,../inputs/case1951rte.graphml,1951,2375,651,7,6642,12478,2,401.0,401,0.0,Optimal,1,501374,0,0,0
1629,brimkov-outp,../inputs/case2868rte.graphml,2868,3471,983,16,8979,19194,3,598.0,598,0.0,Optimal,1,606135,0,0,0
1630,brimkov-outp,../inputs/case89pegase.graphml,89,206,43,1,696,711,3,34.0,34,0.0,Optimal,1,30457,0,0,0
1631,brimkov-outp,../inputs/case6468rte.graphml,6468,8065,2384,0,36499,48149,2,4204.0,4204,0.0,Optimal,1674,49222830,0,0,0
1632,brimkov-outp,../inputs/case145.graphml,145,422,71,3,1287,2706,4,27.0,27,0.0,Optimal,182,1067011,0,0,0
1633,brimkov-outp,../inputs/case11_iwamoto.graphml,11,11,6,1,55,67,2,4.0,4,0.0,Optimal,1,2005,0,0,0
1634,brimkov-outp,../inputs/case_Texas.graphml,2000,2667,376,14,5705,12076,1,411.0,411,0.0,Optimal,617,4415845,0,0,0
1635,brimkov-outp,../inputs/case_iceland118.graphml,189,203,110,0,1058,1486,0,96.0,96,0.0,Optimal,1,33685,0,0,0
1636,brimkov-outp,../inputs/case_GB2224.graphml,2224,2804,1367,3,10617,20291,2,410.0,410,0.0,Optimal,2039,35803015,0,0,0
1637,brimkov-outp,../inputs/case30.graphml,30,41,7,3,115,129,0,7.0,7,0.0,Optimal,1,5964,0,0,0
1638,brimkov-outp,../inputs/case2869pegase.graphml,2869,3968,869,6,9560,14313,1,620.0,620,0.0,Optimal,1,949016,0,0,0
1639,brimkov-outp,../inputs/case3012wp.graphml,3012,3566,726,10,8104,11146,3,755.0,755,0.0,Optimal,1,373537,0,0,0
1640,brimkov-outp,../inputs/case2869pegase.graphml,2869,3968,869,8,8938,14228,3,613.0,613,0.0,Optimal,1,653844,0,0,0
1641,brimkov-outp,../inputs/case1354pegase.graphml,1354,1710,422,3,5427,6885,3,379.0,379,0.0,Optimal,2445,3118434,0,0,0
1642,brimkov-outp,../inputs/case2737sop.graphml,2737,3266,655,1,13437,12654,3,1204.0,1204,0.0,Optimal,784,2589147,0,0,0
1643,brimkov-outp,../inputs/case3120sp.graphml,3120,3684,798,9,8502,11864,0,768.0,768,0.0,Optimal,1,726458,0,0,0
1644,brimkov-outp,../inputs/case2737sop.graphml,2737,3266,655,9,7390,10402,4,683.0,683,0.0,Optimal,1,352423,0,0,0
1645,brimkov-outp,../inputs/case3012wp.graphml,3012,3566,726,9,8114,11147,1,755.0,755,0.0,Optimal,1,505719,0,0,0
1646,brimkov-outp,../inputs/case2848rte.graphml,2848,3442,1023,5,10611,19027,4,606.0,606,0.0,Optimal,2546,12390134,0,0,0
1647,brimkov-outp,../inputs/case_south_carolina500.graphml,500,584,211,11,1865,4682,3,75.0,75,0.0,Optimal,1,63699,0,0,0
1648,brimkov-outp,../inputs/case_iceland118.graphml,189,203,110,8,652,1297,4,39.0,39,0.0,Optimal,1,17992,0,0,0
1649,brimkov-outp,../inputs/case2383wp.graphml,2383,2886,552,6,6789,9661,0,594.0,594,0.0,Optimal,1,767873,0,0,0
1650,brimkov-outp,../inputs/case3375wp.graphml,3374,4068,889,0,17535,17778,2,2498.0,2498,0.0,Optimal,498,1955248,0,0,0
1651,brimkov-outp,../inputs/case2746wop.graphml,2746,3300,709,6,7817,10722,1,678.0,678,0.0,Optimal,1,1025294,0,0,0
1652,brimkov-outp,../inputs/case89pegase.graphml,89,206,43,5,557,661,3,14.0,14,0.0,Optimal,1,38848,0,0,0
1653,brimkov-outp,../inputs/case3375wp.graphml,3374,4068,889,0,17535,17778,3,2498.0,2498,0.0,Optimal,498,1950583,0,0,0
1654,brimkov-outp,../inputs/case1888rte.graphml,1888,2308,681,5,7079,12222,3,393.0,393,0.0,Optimal,1427,3860681,0,0,0
1655,brimkov-outp,../inputs/case89pegase.graphml,89,206,43,11,444,647,0,13.0,13,0.0,Optimal,1,22801,0,0,0
1656,brimkov-outp,../inputs/case1951rte.graphml,1951,2375,651,1,10036,13599,1,926.0,926,0.0,Optimal,1,687773,0,0,0
1657,brimkov-outp,../inputs/case89pegase.graphml,89,206,43,3,598,670,2,17.0,17,0.0,Optimal,1,47485,0,0,0
1658,brimkov-outp,../inputs/case145.graphml,145,422,71,1,1429,2764,4,55.0,55,0.0,Optimal,2510,1279237,0,0,0
1659,brimkov-outp,../inputs/case145.graphml,145,422,71,0,1440,2775,1,91.0,91,0.0,Optimal,13559,3954964,0,0,0
1660,brimkov-outp,../inputs/case1951rte.graphml,1951,2375,651,5,7281,12577,3,417.0,417,0.0,Optimal,3028,6221282,0,0,0
1661,brimkov-outp,../inputs/case2869pegase.graphml,2869,3968,869,1,15446,16277,2,1395.0,1395,0.0,Optimal,2381,6636737,0,0,0
1662,brimkov-outp,../inputs/case1951rte.graphml,1951,2375,651,0,10803,14366,2,1332.0,1332,0.0,Optimal,2286,5129236,0,0,0
1663,brimkov-outp,../inputs/case89pegase.graphml,89,206,43,10,455,648,3,13.0,13,0.0,Optimal,1,25439,0,0,0
1664,brimkov-outp,../inputs/case2737sop.graphml,2737,3266,655,3,9256,10787,4,705.0,705,0.0,Optimal,2373,12026203,0,0,0
1665,brimkov-outp,../inputs/case39.graphml,39,46,10,0,202,192,4,29.0,29,0.0,Optimal,1,3288,0,0,0
1666,brimkov-outp,../inputs/case3375wp.graphml,3374,4068,889,6,9884,14466,4,818.0,818,0.0,Optimal,52,1988945,0,0,0
1667,brimkov-outp,../inputs/case_Texas.graphml,2000,2667,376,9,5973,12100,2,417.0,417,0.0,Optimal,2927,22759657,0,0,0
1668,brimkov-outp,../inputs/case1888rte.graphml,1888,2308,681,11,6010,12075,0,375.0,375,0.0,Optimal,1,354341,0,0,0
1669,brimkov-outp,../inputs/case30.graphml,30,41,7,5,94,124,3,6.0,6,0.0,Optimal,1,2481,0,0,0
1670,brimkov-outp,../inputs/case2869pegase.graphml,2869,3968,869,2,13592,15350,3,903.0,904,0.0011061946902654867,Timeout,148317,900177211,0,0,0
1671,brimkov-outp,../inputs/case3375wp.graphml,3374,4068,889,9,9452,14409,2,816.0,816,0.0,Optimal,1,790660,0,0,0
1672,brimkov-outp,../inputs/case57.graphml,57,78,15,0,310,243,0,42.0,42,0.0,Optimal,1,5370,0,0,0
1673,brimkov-outp,../inputs/case118.graphml,118,179,11,6,307,301,3,29.0,29,0.0,Optimal,1,9228,0,0,0
1674,brimkov-outp,../inputs/case11_iwamoto.graphml,11,11,6,3,41,61,0,2.0,2,0.0,Optimal,1,3286,0,0,0
1675,brimkov-outp,../inputs/case3120sp.graphml,3120,3684,798,3,10427,12254,0,794.0,794,0.0,Optimal,1896,17498179,0,0,0
1676,brimkov-outp,../inputs/case3375wp.graphml,3374,4068,889,2,13601,15479,0,948.0,948,0.0,Optimal,68890,670298002,0,0,0
1677,brimkov-outp,../inputs/case3120sp.graphml,3120,3684,798,1,15305,14419,4,1353.0,1353,0.0,Optimal,1531,3792747,0,0,0
1678,brimkov-outp,../inputs/case89pegase.graphml,89,206,43,8,511,654,4,13.0,13,0.0,Optimal,1,25776,0,0,0
1679,brimkov-outp,../inputs/case118.graphml,118,179,11,4,398,318,0,30.0,30,0.0,Optimal,1,32239,0,0,0
1680,brimkov-outp,../inputs/case11_iwamoto.graphml,11,11,6,1,55,67,0,4.0,4,0.0,Optimal,1,3702,0,0,0
1681,brimkov-outp,../inputs/case_illinois200.graphml,200,245,44,4,719,1170,0,50.0,50,0.0,Optimal,1,75495,0,0,0
1682,brimkov-outp,../inputs/case2869pegase.graphml,2869,3968,869,9,8740,14206,1,612.0,612,0.0,Optimal,1,521337,0,0,0
1683,brimkov-outp,../inputs/case_GB2224.graphml,2224,2804,1367,12,8533,19929,4,322.0,322,0.0,Optimal,8009,20431217,0,0,0
1684,brimkov-outp,../inputs/case_iceland118.graphml,189,203,110,0,1058,1486,4,96.0,96,0.0,Optimal,1,31161,0,0,0
1685,brimkov-outp,../inputs/case30.graphml,30,41,7,1,160,149,2,13.0,13,0.0,Optimal,1,4831,0,0,0
1686,brimkov-outp,../inputs/case2383wp.graphml,2383,2886,552,0,12244,12002,0,1841.0,1841,0.0,Optimal,1,333836,0,0,0
1687,brimkov-outp,../inputs/case3120sp.graphml,3120,3684,798,2,12071,12802,2,881.0,881,0.0,Optimal,1649,32683335,0,0,0
1688,brimkov-outp,../inputs/case2746wop.graphml,2746,3300,709,6,7817,10722,4,678.0,678,0.0,Optimal,1,1050380,0,0,0
1689,brimkov-outp,../inputs/case4gs.graphml,4,4,0,2,8,4,0,2.0,2,0.0,Optimal,1,1603,0,0,0
1690,brimkov-outp,../inputs/case2737sop.graphml,2737,3266,655,8,7435,10407,1,683.0,683,0.0,Optimal,1,356377,0,0,0
1691,brimkov-outp,../inputs/case24_ieee_rts.graphml,24,34,4,5,61,73,1,6.0,6,0.0,Optimal,1,1920,0,0,0
1692,brimkov-outp,../inputs/case3375wp.graphml,3374,4068,889,5,10292,14534,1,821.0,821,0.0,Optimal,3013,12497499,0,0,0
1693,brimkov-outp,../inputs/case57.graphml,57,78,15,0,310,243,3,42.0,42,0.0,Optimal,1,3427,0,0,0
1694,brimkov-outp,../inputs/case3375wp.graphml,3374,4068,889,6,9884,14466,0,818.0,818,0.0,Optimal,52,2014027,0,0,0
1695,brimkov-outp,../inputs/case_GB2224.graphml,2224,2804,1367,7,9076,19989,2,326.0,326,0.0,Optimal,4891,45662762,0,0,0
1696,brimkov-outp,../inputs/case_south_carolina500.graphml,500,584,211,4,2180,4734,4,89.0,89,0.0,Optimal,489,1212489,0,0,0
1697,brimkov-outp,../inputs/case2746wop.graphml,2746,3300,709,9,7533,10684,2,677.0,677,0.0,Optimal,1,543039,0,0,0
1698,brimkov-outp,../inputs/case4gs.graphml,4,4,0,2,8,4,3,2.0,2,0.0,Optimal,1,321,0,0,0
1699,brimkov-outp,../inputs/case89pegase.graphml,89,206,43,4,582,666,0,15.0,15,0.0,Optimal,1,40130,0,0,0
1700,brimkov-outp,../inputs/case118.graphml,118,179,11,0,634,415,1,107.0,107,0.0,Optimal,1,3519,0,0,0
1701,brimkov-outp,../inputs/case6ww.graphml,6,11,1,5,15,16,3,1.0,1,0.0,Optimal,0,323,0,0,0
1702,brimkov-outp,../inputs/case2848rte.graphml,2848,3442,1023,8,9415,18852,4,586.0,586,0.0,Optimal,1,1107672,0,0,0
1703,brimkov-outp,../inputs/case24_ieee_rts.graphml,24,34,4,1,128,96,0,10.0,10,0.0,Optimal,1,5786,0,0,0
1704,brimkov-outp,../inputs/case_iceland118.graphml,189,203,110,3,787,1323,2,44.0,44,0.0,Optimal,1,50081,0,0,0
1705,brimkov-outp,../inputs/case118.graphml,118,179,11,0,634,415,3,107.0,107,0.0,Optimal,1,3418,0,0,0
1706,brimkov-outp,../inputs/case2383wp.graphml,2383,2886,552,4,7582,9809,3,605.0,605,0.0,Optimal,1562,3626611,0,0,0
1707,brimkov-outp,../inputs/case300.graphml,300,409,66,5,913,1137,2,75.0,75,0.0,Optimal,1,33907,0,0,0
1708,brimkov-outp,../inputs/case3012wp.graphml,3012,3566,726,10,8104,11146,0,755.0,755,0.0,Optimal,1,474980,0,0,0
1709,brimkov-outp,../inputs/case3375wp.graphml,3374,4068,889,4,10922,14660,1,829.0,829,0.0,Optimal,1764,15823962,0,0,0
1710,brimkov-outp,../inputs/case89pegase.graphml,89,206,43,14,328,638,0,13.0,13,0.0,Optimal,1,13766,0,0,0
1711,brimkov-outp,../inputs/case_ieee30.graphml,30,41,7,4,103,145,3,6.0,6,0.0,Optimal,1,3707,0,0,0
1712,brimkov-outp,../inputs/case57.graphml,57,78,15,5,166,188,1,12.0,12,0.0,Optimal,1,8035,0,0,0
1713,brimkov-outp,../inputs/case_south_carolina500.graphml,500,584,211,12,1865,4682,0,75.0,75,0.0,Optimal,1,79877,0,0,0
1714,brimkov-outp,../inputs/case1354pegase.graphml,1354,1710,422,12,3888,6608,1,311.0,311,0.0,Optimal,1,89150,0,0,0
1715,brimkov-outp,../inputs/case30.graphml,30,41,7,4,99,125,3,6.0,6,0.0,Optimal,1,2564,0,0,0
1716,brimkov-outp,../inputs/case118.graphml,118,179,11,9,276,297,1,29.0,29,0.0,Optimal,1,6142,0,0,0
1717,brimkov-outp,../inputs/case89pegase.graphml,89,206,43,3,598,670,1,17.0,17,0.0,Optimal,1,47768,0,0,0
1718,brimkov-outp,../inputs/case96rts.graphml,73,108,9,1,389,254,1,33.0,33,0.0,Optimal,1,10610,0,0,0
1719,brimkov-outp,../inputs/case_iceland118.graphml,189,203,110,5,720,1307,1,40.0,40,0.0,Optimal,1,40889,0,0,0
1720,brimkov-outp,../inputs/case_iceland118.graphml,189,203,110,6,690,1302,1,39.0,39,0.0,Optimal,1,26140,0,0,0
1721,brimkov-outp,../inputs/case300.graphml,300,409,66,8,826,1124,1,72.0,72,0.0,Optimal,1,22263,0,0,0
1722,brimkov-outp,../inputs/case2868rte.graphml,2868,3471,983,11,9133,19206,2,598.0,598,0.0,Optimal,1,622490,0,0,0
1723,brimkov-outp,../inputs/case_Texas.graphml,2000,2667,376,13,5719,12077,0,411.0,411,0.0,Optimal,617,4050852,0,0,0
1724,brimkov-outp,../inputs/case3375wp.graphml,3374,4068,889,2,13601,15479,1,948.0,948,0.0,Optimal,68890,669506469,0,0,0
1725,brimkov-outp,../inputs/case_illinois200.graphml,200,245,44,10,595,1149,1,39.0,39,0.0,Optimal,1,20171,0,0,0
1726,brimkov-outp,../inputs/case145.graphml,145,422,71,0,1440,2775,0,91.0,91,0.0,Optimal,13559,3969481,0,0,0
1727,brimkov-outp,../inputs/case6ww.graphml,6,11,1,4,25,18,3,1.0,1,0.0,Optimal,1,1350,0,0,0
1728,brimkov-outp,../inputs/case1888rte.graphml,1888,2308,681,6,6755,12168,4,382.0,382,0.0,Optimal,1,705521,0,0,0
1729,brimkov-outp,../inputs/case_GB2224.graphml,2224,2804,1367,7,9076,19989,4,326.0,326,0.0,Optimal,4891,45885379,0,0,0
1730,brimkov-outp,../inputs/case2383wp.graphml,2383,2886,552,8,6526,9625,2,594.0,594,0.0,Optimal,1,273553,0,0,0
1731,brimkov-outp,../inputs/case2746wp.graphml,2746,3274,704,7,7612,10542,2,684.0,684,0.0,Optimal,1,631981,0,0,0
1732,brimkov-outp,../inputs/case9.graphml,9,9,4,1,43,47,0,3.0,3,0.0,Optimal,1,4132,0,0,0
1733,brimkov-outp,../inputs/case3120sp.graphml,3120,3684,798,6,8802,11904,2,768.0,768,0.0,Optimal,1,922416,0,0,0
1734,brimkov-outp,../inputs/case_ieee30.graphml,30,41,7,4,103,145,4,6.0,6,0.0,Optimal,1,3630,0,0,0
1735,brimkov-outp,../inputs/case1354pegase.graphml,1354,1710,422,10,3921,6611,4,311.0,311,0.0,Optimal,1,96009,0,0,0
1736,brimkov-outp,../inputs/case_GB2224.graphml,2224,2804,1367,8,8884,19965,3,323.0,323,0.0,Optimal,1919,17844120,0,0,0
1737,brimkov-outp,../inputs/case1354pegase.graphml,1354,1710,422,10,3921,6611,3,311.0,311,0.0,Optimal,1,95120,0,0,0
1738,brimkov-outp,../inputs/case2746wp.graphml,2746,3274,704,8,7548,10534,4,684.0,684,0.0,Optimal,1,343999,0,0,0
1739,brimkov-outp,../inputs/case300.graphml,300,409,66,9,817,1123,3,72.0,72,0.0,Optimal,1,20443,0,0,0
1740,brimkov-outp,../inputs/case_south_carolina500.graphml,500,584,211,11,1865,4682,4,75.0,75,0.0,Optimal,1,63471,0,0,0
1741,brimkov-outp,../inputs/case2746wp.graphml,2746,3274,704,8,7548,10534,2,684.0,684,0.0,Optimal,1,353016,0,0,0
1742,brimkov-outp,../inputs/case57.graphml,57,78,15,1,309,242,1,22.0,22,0.0,Optimal,1,6897,0,0,0
1743,brimkov-outp,../inputs/case_illinois200.graphml,200,245,44,5,664,1159,3,45.0,45,0.0,Optimal,1,46501,0,0,0
1744,brimkov-outp,../inputs/case1951rte.graphml,1951,2375,651,4,7661,12653,0,441.0,441,0.0,Optimal,55,2009508,0,0,0
1745,brimkov-outp,../inputs/case_GBreduced29.graphml,29,50,0,2,148,53,3,10.0,10,0.0,Optimal,1,2865,0,0,0
1746,brimkov-outp,../inputs/case1888rte.graphml,1888,2308,681,9,6084,12082,4,375.0,375,0.0,Optimal,1,400245,0,0,0
1747,brimkov-outp,../inputs/case33bw.graphml,33,32,1,1,126,63,1,17.0,17,0.0,Optimal,0,924,0,0,0
1748,brimkov-outp,../inputs/case2869pegase.graphml,2869,3968,869,9,8740,14206,3,612.0,612,0.0,Optimal,1,515163,0,0,0
1749,brimkov-outp,../inputs/case2383wp.graphml,2383,2886,552,1,11740,11498,3,1065.0,1065,0.0,Optimal,1,641365,0,0,0
1750,brimkov-outp,../inputs/case2868rte.graphml,2868,3471,983,10,9199,19212,2,598.0,598,0.0,Optimal,1,743442,0,0,0
1751,brimkov-outp,../inputs/case2736sp.graphml,2736,3265,645,9,7376,10363,2,682.0,682,0.0,Optimal,1,467491,0,0,0
1752,brimkov-outp,../inputs/case_ieee30.graphml,30,41,7,1,164,169,3,12.0,12,0.0,Optimal,1,4874,0,0,0
1753,brimkov-outp,../inputs/case1354pegase.graphml,1354,1710,422,0,7269,7959,3,969.0,969,0.0,Optimal,1,167630,0,0,0
1754,brimkov-outp,../inputs/case2868rte.graphml,2868,3471,983,14,9010,19196,1,598.0,598,0.0,Optimal,1,595930,0,0,0
1755,brimkov-outp,../inputs/case2383wp.graphml,2383,2886,552,2,9534,10395,1,693.0,693,0.0,Optimal,1718,9614388,0,0,0
1756,brimkov-outp,../inputs/case2848rte.graphml,2848,3442,1023,14,8947,18806,0,585.0,585,0.0,Optimal,1,601144,0,0,0
1757,brimkov-outp,../inputs/case_illinois200.graphml,200,245,44,6,634,1154,2,42.0,42,0.0,Optimal,1,36227,0,0,0
1758,brimkov-outp,../inputs/case3375wp.graphml,3374,4068,889,1,16871,17114,1,1454.0,1454,0.0,Optimal,2188,10509539,0,0,0
1759,brimkov-outp,../inputs/case6ww.graphml,6,11,1,1,37,22,2,3.0,3,0.0,Optimal,1,1278,0,0,0
1760,brimkov-outp,../inputs/case2736sp.graphml,2736,3265,645,1,13421,12614,2,1204.0,1204,0.0,Optimal,2112,4176398,0,0,0
1761,brimkov-outp,../inputs/case24_ieee_rts.graphml,24,34,4,1,128,96,4,10.0,10,0.0,Optimal,1,3547,0,0,0
1762,brimkov-outp,../inputs/case_ieee30.graphml,30,41,7,3,119,149,3,7.0,7,0.0,Optimal,1,4855,0,0,0
1763,brimkov-outp,../inputs/case1951rte.graphml,1951,2375,651,11,6169,12424,0,393.0,393,0.0,Optimal,1,435645,0,0,0
1764,brimkov-outp,../inputs/case1354pegase.graphml,1354,1710,422,8,4103,6630,1,311.0,311,0.0,Optimal,1,115945,0,0,0
1765,brimkov-outp,../inputs/case2868rte.graphml,2868,3471,983,7,9810,19284,0,600.0,600,0.0,Optimal,1,1209804,0,0,0
1766,brimkov-outp,../inputs/case_iceland118.graphml,189,203,110,1,970,1398,3,83.0,83,0.0,Optimal,1,39653,0,0,0
1767,brimkov-outp,../inputs/case30.graphml,30,41,7,2,130,134,3,8.0,8,0.0,Optimal,1,4249,0,0,0
1768,brimkov-outp,../inputs/case39.graphml,39,46,10,2,169,171,0,10.0,10,0.0,Optimal,1,9512,0,0,0
1769,brimkov-outp,../inputs/case2868rte.graphml,2868,3471,983,11,9133,19206,0,598.0,598,0.0,Optimal,1,641252,0,0,0
1770,brimkov-outp,../inputs/case_south_carolina500.graphml,500,584,211,5,2060,4710,3,83.0,83,0.0,Optimal,1,276105,0,0,0
1771,brimkov-outp,../inputs/case_GB2224.graphml,2224,2804,1367,5,9754,20094,2,338.0,338,0.0,Optimal,1618,21814399,0,0,0
1772,brimkov-outp,../inputs/case57.graphml,57,78,15,6,154,186,1,12.0,12,0.0,Optimal,1,4743,0,0,0
1773,brimkov-outp,../inputs/case2746wop.graphml,2746,3300,709,1,13654,12951,1,1187.0,1187,0.0,Optimal,3563,6310320,0,0,0
1774,brimkov-outp,../inputs/case2868rte.graphml,2868,3471,983,15,8995,19195,4,598.0,598,0.0,Optimal,1,572884,0,0,0
1775,brimkov-outp,../inputs/case30.graphml,30,41,7,2,130,134,0,8.0,8,0.0,Optimal,1,5748,0,0,0
1776,brimkov-outp,../inputs/case118.graphml,118,179,11,5,343,307,2,29.0,29,0.0,Optimal,1,11285,0,0,0
1777,brimkov-outp,../inputs/case11_iwamoto.graphml,11,11,6,0,59,71,3,5.0,5,0.0,Optimal,1,1838,0,0,0
1778,brimkov-outp,../inputs/case2869pegase.graphml,2869,3968,869,15,8266,14164,1,612.0,612,0.0,Optimal,1,320049,0,0,0
1779,brimkov-outp,../inputs/case2383wp.graphml,2383,2886,552,4,7582,9809,1,605.0,605,0.0,Optimal,1562,3630203,0,0,0
1780,brimkov-outp,../inputs/case2737sop.graphml,2737,3266,655,8,7435,10407,0,683.0,683,0.0,Optimal,1,362643,0,0,0
1781,brimkov-outp,../inputs/case5.graphml,5,6,0,1,22,10,0,3.0,3,0.0,Optimal,1,2116,0,0,0
1782,brimkov-outp,../inputs/case33bw.graphml,33,32,1,2,76,38,0,11.0,11,0.0,Optimal,0,1689,0,0,0
1783,brimkov-outp,../inputs/case300.graphml,300,409,66,6,877,1131,1,74.0,74,0.0,Optimal,1,30275,0,0,0
1784,brimkov-outp,../inputs/case_GB2224.graphml,2224,2804,1367,12,8533,19929,1,322.0,322,0.0,Optimal,8009,20464090,0,0,0
1785,brimkov-outp,../inputs/case89pegase.graphml,89,206,43,13,370,641,2,13.0,13,0.0,Optimal,1,16554,0,0,0
1786,brimkov-outp,../inputs/case300.graphml,300,409,66,0,1624,1422,2,236.0,236,0.0,Optimal,1,47695,0,0,0
1787,brimkov-outp,../inputs/case30.graphml,30,41,7,5,94,124,4,6.0,6,0.0,Optimal,1,2462,0,0,0
1788,brimkov-outp,../inputs/case3375wp.graphml,3374,4068,889,5,10292,14534,4,821.0,821,0.0,Optimal,3013,12506368,0,0,0
1789,brimkov-outp,../inputs/case1888rte.graphml,1888,2308,681,1,9804,13221,2,864.0,864,0.0,Optimal,1,744707,0,0,0
1790,brimkov-outp,../inputs/case_ieee30.graphml,30,41,7,2,134,154,1,8.0,8,0.0,Optimal,1,4501,0,0,0
1791,brimkov-outp,../inputs/case145.graphml,145,422,71,7,1067,2668,1,18.0,18,0.0,Optimal,418,906757,0,0,0
1792,brimkov-outp,../inputs/case89pegase.graphml,89,206,43,10,455,648,1,13.0,13,0.0,Optimal,1,26336,0,0,0
1793,brimkov-outp,../inputs/case145.graphml,145,422,71,6,1158,2681,0,18.0,18,0.0,Optimal,29,436450,0,0,0
1794,brimkov-outp,../inputs/case57.graphml,57,78,15,6,154,186,3,12.0,12,0.0,Optimal,1,4793,0,0,0
1795,brimkov-outp,../inputs/case3012wp.graphml,3012,3566,726,6,8383,11183,1,756.0,756,0.0,Optimal,1,1096382,0,0,0
1796,brimkov-outp,../inputs/case300.graphml,300,409,66,6,877,1131,4,74.0,74,0.0,Optimal,1,30043,0,0,0
1797,brimkov-outp,../inputs/case89pegase.graphml,89,206,43,12,396,643,4,13.0,13,0.0,Optimal,1,17047,0,0,0
1798,brimkov-outp,../inputs/case2737sop.graphml,2737,3266,655,4,8472,10591,1,690.0,690,0.0,Optimal,2627,6403506,0,0,0
1799,brimkov-outp,../inputs/case_ieee30.graphml,30,41,7,7,85,142,3,6.0,6,0.0,Optimal,1,2295,0,0,0
1800,brimkov-outp,../inputs/case_GBreduced29.graphml,29,50,0,4,89,35,0,7.0,7,0.0,Optimal,1,3499,0,0,0
1801,brimkov-outp,../inputs/case_south_carolina500.graphml,500,584,211,7,1925,4689,0,78.0,78,0.0,Optimal,1,151934,0,0,0
1802,brimkov-outp,../inputs/case89pegase.graphml,89,206,43,9,475,650,0,13.0,13,0.0,Optimal,1,25456,0,0,0
1803,brimkov-outp,../inputs/case14.graphml,14,20,2,0,73,43,1,12.0,12,0.0,Optimal,1,1479,0,0,0
1804,brimkov-outp,../inputs/case145.graphml,145,422,71,2,1365,2732,4,35.0,35,0.0,Optimal,1481,891824,0,0,0
1805,brimkov-outp,../inputs/case89pegase.graphml,89,206,43,8,511,654,1,13.0,13,0.0,Optimal,1,26093,0,0,0
1806,brimkov-outp,../inputs/case145.graphml,145,422,71,15,759,2639,0,18.0,18,0.0,Optimal,42,257405,0,0,0
1807,brimkov-outp,../inputs/case118.graphml,118,179,11,7,293,299,3,29.0,29,0.0,Optimal,1,7971,0,0,0
1808,brimkov-outp,../inputs/case2737sop.graphml,2737,3266,655,8,7435,10407,3,683.0,683,0.0,Optimal,1,351141,0,0,0
1809,brimkov-outp,../inputs/case_illinois200.graphml,200,245,44,7,613,1151,2,40.0,40,0.0,Optimal,1,21286,0,0,0
1810,brimkov-outp,../inputs/case2737sop.graphml,2737,3266,655,5,7937,10484,0,685.0,685,0.0,Optimal,24,1304958,0,0,0
1811,brimkov-outp,../inputs/case2868rte.graphml,2868,3471,983,12,9037,19198,2,598.0,598,0.0,Optimal,1,614411,0,0,0
1812,brimkov-outp,../inputs/case_illinois200.graphml,200,245,44,7,613,1151,3,40.0,40,0.0,Optimal,1,21574,0,0,0
1813,brimkov-outp,../inputs/case_GBreduced29.graphml,29,50,0,4,89,35,4,7.0,7,0.0,Optimal,1,1913,0,0,0
1814,brimkov-outp,../inputs/case39.graphml,39,46,10,1,193,183,1,16.0,16,0.0,Optimal,1,4887,0,0,0
1815,brimkov-outp,../inputs/case9.graphml,9,9,4,2,37,44,3,2.0,2,0.0,Optimal,1,2124,0,0,0
1816,brimkov-outp,../inputs/case5.graphml,5,6,0,3,10,5,2,2.0,2,0.0,Optimal,0,245,0,0,0
1817,brimkov-outp,../inputs/case145.graphml,145,422,71,5,1218,2691,0,20.0,20,0.0,Optimal,2017,1579317,0,0,0
1818,brimkov-outp,../inputs/case2869pegase.graphml,2869,3968,869,7,9154,14255,3,616.0,616,0.0,Optimal,1,699992,0,0,0
1819,brimkov-outp,../inputs/case57.graphml,57,78,15,5,166,188,2,12.0,12,0.0,Optimal,1,7941,0,0,0
1820,brimkov-outp,../inputs/case5.graphml,5,6,0,1,22,10,4,3.0,3,0.0,Optimal,1,609,0,0,0
1821,brimkov-outp,../inputs/case2848rte.graphml,2848,3442,1023,11,9083,18817,2,585.0,585,0.0,Optimal,1,673891,0,0,0
1822,brimkov-outp,../inputs/case_south_carolina500.graphml,500,584,211,8,1893,4685,4,76.0,76,0.0,Optimal,1,95101,0,0,0
1823,brimkov-outp,../inputs/case300.graphml,300,409,66,10,817,1123,4,72.0,72,0.0,Optimal,1,20632,0,0,0
1824,brimkov-outp,../inputs/case145.graphml,145,422,71,4,1263,2700,0,23.0,23,0.0,Optimal,1971,2066913,0,0,0
1825,brimkov-outp,../inputs/case145.graphml,145,422,71,7,1067,2668,4,18.0,18,0.0,Optimal,418,907279,0,0,0
1826,brimkov-outp,../inputs/case145.graphml,145,422,71,13,844,2645,0,18.0,18,0.0,Optimal,1,222695,0,0,0
1827,brimkov-outp,../inputs/case_illinois200.graphml,200,245,44,3,799,1190,0,57.0,57,0.0,Optimal,1,93545,0,0,0
1828,brimkov-outp,../inputs/case2868rte.graphml,2868,3471,983,3,11850,19688,0,722.0,722,0.0,Optimal,1541,13750196,0,0,0
1829,brimkov-outp,../inputs/case_ieee30.graphml,30,41,7,7,85,142,4,6.0,6,0.0,Optimal,1,2277,0,0,0
1830,brimkov-outp,../inputs/case1888rte.graphml,1888,2308,681,2,8750,12694,3,570.0,570,0.0,Optimal,2478,10942036,0,0,0
1831,brimkov-outp,../inputs/case_Texas.graphml,2000,2667,376,14,5705,12076,2,411.0,411,0.0,Optimal,617,4416933,0,0,0
1832,brimkov-outp,../inputs/case57.graphml,57,78,15,1,309,242,0,22.0,22,0.0,Optimal,1,8434,0,0,0
1833,brimkov-outp,../inputs/case2746wop.graphml,2746,3300,709,5,8123,10773,2,681.0,681,0.0,Optimal,104,1453775,0,0,0
1834,brimkov-outp,../inputs/case1951rte.graphml,1951,2375,651,7,6642,12478,1,401.0,401,0.0,Optimal,1,501741,0,0,0
1835,brimkov-outp,../inputs/case_iceland118.graphml,189,203,110,2,886,1356,3,52.0,52,0.0,Optimal,1,62295,0,0,0
1836,brimkov-outp,../inputs/case3012wp.graphml,3012,3566,726,2,11618,12074,1,863.0,863,0.0,Optimal,2075,38508139,0,0,0
1837,brimkov-outp,../inputs/case2868rte.graphml,2868,3471,983,9,9259,19218,3,598.0,598,0.0,Optimal,1,635911,0,0,0
1838,brimkov-outp,../inputs/case2869pegase.graphml,2869,3968,869,0,16202,17033,1,2063.0,2063,0.0,Optimal,1,657336,0,0,0
1839,brimkov-outp,../inputs/case30.graphml,30,41,7,4,99,125,0,6.0,6,0.0,Optimal,1,4294,0,0,0
1840,brimkov-outp,../inputs/case3012wp.graphml,3012,3566,726,9,8114,11147,3,755.0,755,0.0,Optimal,1,506603,0,0,0
1841,brimkov-outp,../inputs/case1354pegase.graphml,1354,1710,422,0,7269,7959,2,969.0,969,0.0,Optimal,1,167115,0,0,0
1842,brimkov-outp,../inputs/case_iceland118.graphml,189,203,110,5,720,1307,3,40.0,40,0.0,Optimal,1,40746,0,0,0
1843,brimkov-outp,../inputs/case_iceland118.graphml,189,203,110,6,690,1302,0,39.0,39,0.0,Optimal,1,29594,0,0,0
1844,brimkov-outp,../inputs/case2869pegase.graphml,2869,3968,869,3,12092,14850,2,730.0,730,0.0,Optimal,2193,26046930,0,0,0
1845,brimkov-outp,../inputs/case_south_carolina500.graphml,500,584,211,0,3005,5180,4,289.0,289,0.0,Optimal,1,45969,0,0,0
1846,brimkov-outp,../inputs/case30.graphml,30,41,7,6,88,123,2,6.0,6,0.0,Optimal,1,1799,0,0,0
1847,brimkov-outp,../inputs/case2736sp.graphml,2736,3265,645,3,9242,10748,4,702.0,702,0.0,Optimal,2062,11629621,0,0,0
1848,brimkov-outp,../inputs/case_GBreduced29.graphml,29,50,0,2,148,53,0,10.0,10,0.0,Optimal,1,4503,0,0,0
1849,brimkov-outp,../inputs/case3375wp.graphml,3374,4068,889,1,16871,17114,4,1454.0,1454,0.0,Optimal,2188,10530887,0,0,0
1850,brimkov-outp,../inputs/case3012wp.graphml,3012,3566,726,8,8150,11151,2,755.0,755,0.0,Optimal,1,514723,0,0,0
1851,brimkov-outp,../inputs/case33bw.graphml,33,32,1,3,67,35,0,11.0,11,0.0,Optimal,0,1598,0,0,0
1852,brimkov-outp,../inputs/case89pegase.graphml,89,206,43,5,557,661,0,14.0,14,0.0,Optimal,1,42373,0,0,0
1853,brimkov-outp,../inputs/case_GBreduced29.graphml,29,50,0,2,148,53,2,10.0,10,0.0,Optimal,1,2853,0,0,0
1854,brimkov-outp,../inputs/case118.graphml,118,179,11,6,307,301,4,29.0,29,0.0,Optimal,1,9264,0,0,0
1855,brimkov-outp,../inputs/case2869pegase.graphml,2869,3968,869,2,13592,15350,0,903.0,904,0.0011061946902654867,Timeout,148497,900187904,0,0,0
1856,brimkov-outp,../inputs/case1888rte.graphml,1888,2308,681,9,6084,12082,1,375.0,375,0.0,Optimal,1,401712,0,0,0
1857,brimkov-outp,../inputs/case_south_carolina500.graphml,500,584,211,3,2304,4765,2,98.0,98,0.0,Optimal,168,1366697,0,0,0
1858,brimkov-outp,../inputs/case2848rte.graphml,2848,3442,1023,9,9208,18829,4,585.0,585,0.0,Optimal,1,800347,0,0,0
1859,brimkov-outp,../inputs/case2868rte.graphml,2868,3471,983,4,11166,19517,3,655.0,655,0.0,Optimal,3335,14985979,0,0,0
1860,brimkov-outp,../inputs/case4gs.graphml,4,4,0,1,16,8,0,2.0,2,0.0,Optimal,1,1906,0,0,0
1861,brimkov-outp,../inputs/case_GB2224.graphml,2224,2804,1367,8,8884,19965,2,323.0,323,0.0,Optimal,1919,17866239,0,0,0
1862,brimkov-outp,../inputs/case_ieee30.graphml,30,41,7,0,167,172,1,23.0,23,0.0,Optimal,1,2012,0,0,0
1863,brimkov-outp,../inputs/case2383wp.graphml,2383,2886,552,6,6789,9661,4,594.0,594,0.0,Optimal,1,761560,0,0,0
1864,brimkov-outp,../inputs/case1888rte.graphml,1888,2308,681,4,7459,12298,0,416.0,416,0.0,Optimal,4987,12117309,0,0,0
1865,brimkov-outp,../inputs/case3012wp.graphml,3012,3566,726,2,11618,12074,2,863.0,863,0.0,Optimal,2075,38465589,0,0,0
1866,brimkov-outp,../inputs/case_iceland118.graphml,189,203,110,2,886,1356,4,52.0,52,0.0,Optimal,1,62251,0,0,0
1867,brimkov-outp,../inputs/case1354pegase.graphml,1354,1710,422,7,4207,6643,3,313.0,313,0.0,Optimal,1,178360,0,0,0
1868,brimkov-outp,../inputs/case1354pegase.graphml,1354,1710,422,13,3849,6605,0,311.0,311,0.0,Optimal,1,88578,0,0,0
1869,brimkov-outp,../inputs/case14.graphml,14,20,2,5,33,29,1,3.0,3,0.0,Optimal,0,560,0,0,0
1870,brimkov-outp,../inputs/case3375wp.graphml,3374,4068,889,8,9524,14417,2,816.0,816,0.0,Optimal,1,745207,0,0,0
1871,brimkov-outp,../inputs/case3012wp.graphml,3012,3566,726,0,15236,14158,1,2293.0,2293,0.0,Optimal,1,357558,0,0,0
1872,brimkov-outp,../inputs/case1888rte.graphml,1888,2308,681,1,9804,13221,0,864.0,864,0.0,Optimal,1,757169,0,0,0
1873,brimkov-outp,../inputs/case2746wop.graphml,2746,3300,709,4,8658,10880,0,683.0,683,0.0,Optimal,3891,10437693,0,0,0
1874,brimkov-outp,../inputs/case1888rte.graphml,1888,2308,681,14,5923,12068,3,375.0,375,0.0,Optimal,1,273835,0,0,0
1875,brimkov-outp,../inputs/case145.graphml,145,422,71,6,1158,2681,1,18.0,18,0.0,Optimal,29,430689,0,0,0
1876,brimkov-outp,../inputs/case_Texas.graphml,2000,2667,376,2,9359,13015,4,647.0,647,0.0,Optimal,2550,28331161,0,0,0
1877,brimkov-outp,../inputs/case_iceland118.graphml,189,203,110,8,652,1297,1,39.0,39,0.0,Optimal,1,18307,0,0,0
1878,brimkov-outp,../inputs/case14.graphml,14,20,2,1,72,42,4,6.0,6,0.0,Optimal,1,1922,0,0,0
1879,brimkov-outp,../inputs/case2848rte.graphml,2848,3442,1023,8,9415,18852,0,586.0,586,0.0,Optimal,1,1125920,0,0,0
1880,brimkov-outp,../inputs/case2746wp.graphml,2746,3274,704,8,7548,10534,1,684.0,684,0.0,Optimal,1,349338,0,0,0
1881,brimkov-outp,../inputs/case1951rte.graphml,1951,2375,651,0,10803,14366,0,1332.0,1332,0.0,Optimal,2286,5192917,0,0,0
1882,brimkov-outp,../inputs/case96rts.graphml,73,108,9,4,205,189,1,19.0,19,0.0,Optimal,1,8474,0,0,0
1883,brimkov-outp,../inputs/case1354pegase.graphml,1354,1710,422,7,4207,6643,1,313.0,313,0.0,Optimal,1,178594,0,0,0
1884,brimkov-outp,../inputs/case11_iwamoto.graphml,11,11,6,4,37,60,2,2.0,2,0.0,Optimal,1,1414,0,0,0
1885,brimkov-outp,../inputs/case2746wp.graphml,2746,3274,704,2,10715,11361,3,775.0,775,0.0,Optimal,3028,23410983,0,0,0
1886,brimkov-outp,../inputs/case1951rte.graphml,1951,2375,651,6,6957,12523,3,406.0,406,0.0,Optimal,1,745027,0,0,0
1887,brimkov-outp,../inputs/case39.graphml,39,46,10,3,127,157,1,9.0,9,0.0,Optimal,1,4276,0,0,0
1888,brimkov-outp,../inputs/case_Texas.graphml,2000,2667,376,0,11023,14075,3,1624.0,1624,0.0,Optimal,1,199483,0,0,0
1889,brimkov-outp,../inputs/case2746wp.graphml,2746,3274,704,9,7503,10529,1,684.0,684,0.0,Optimal,1,349693,0,0,0
1890,brimkov-outp,../inputs/case89pegase.graphml,89,206,43,2,646,686,1,21.0,21,0.0,Optimal,1,51375,0,0,0
1891,brimkov-outp,../inputs/case300.graphml,300,409,66,2,1403,1277,2,94.0,94,0.0,Optimal,271,293212,0,0,0
1892,brimkov-outp,../inputs/case_Texas.graphml,2000,2667,376,0,11023,14075,0,1624.0,1624,0.0,Optimal,1,206304,0,0,0
1893,brimkov-outp,../inputs/case_Texas.graphml,2000,2667,376,5,6369,12156,3,462.0,462,0.0,Optimal,3103,33963701,0,0,0
1894,brimkov-outp,../inputs/case1951rte.graphml,1951,2375,651,12,6121,12420,3,393.0,393,0.0,Optimal,1,334609,0,0,0
1895,brimkov-outp,../inputs/case2737sop.graphml,2737,3266,655,3,9256,10787,3,705.0,705,0.0,Optimal,2373,12031019,0,0,0
1896,brimkov-outp,../inputs/case89pegase.graphml,89,206,43,8,511,654,0,13.0,13,0.0,Optimal,1,29080,0,0,0
1897,brimkov-outp,../inputs/case145.graphml,145,422,71,8,995,2659,1,18.0,18,0.0,Optimal,363,918134,0,0,0
1898,brimkov-outp,../inputs/case14.graphml,14,20,2,0,73,43,4,12.0,12,0.0,Optimal,1,1286,0,0,0
1899,brimkov-outp,../inputs/case_ieee30.graphml,30,41,7,7,85,142,1,6.0,6,0.0,Optimal,1,2613,0,0,0
1900,brimkov-outp,../inputs/case4gs.graphml,4,4,0,0,16,8,4,4.0,4,0.0,Optimal,0,197,0,0,0
1901,brimkov-outp,../inputs/case3375wp.graphml,3374,4068,889,10,9432,14407,4,816.0,816,0.0,Optimal,1,710237,0,0,0
1902,brimkov-outp,../inputs/case145.graphml,145,422,71,14,774,2640,0,18.0,18,0.0,Optimal,1,279550,0,0,0
1903,brimkov-outp,../inputs/case3120sp.graphml,3120,3684,798,0,15870,14984,0,2328.0,2328,0.0,Optimal,1,303915,0,0,0
1904,brimkov-outp,../inputs/case2746wop.graphml,2746,3300,709,8,7578,10689,2,677.0,677,0.0,Optimal,1,620945,0,0,0
1905,brimkov-outp,../inputs/case96rts.graphml,73,108,9,1,389,254,4,33.0,33,0.0,Optimal,1,10464,0,0,0
1906,brimkov-outp,../inputs/case89pegase.graphml,89,206,43,9,475,650,3,13.0,13,0.0,Optimal,1,22564,0,0,0
1907,brimkov-outp,../inputs/case89pegase.graphml,89,206,43,14,328,638,1,13.0,13,0.0,Optimal,1,11740,0,0,0
1908,brimkov-outp,../inputs/case11_iwamoto.graphml,11,11,6,3,41,61,2,2.0,2,0.0,Optimal,1,1710,0,0,0
1909,brimkov-outp,../inputs/case3012wp.graphml,3012,3566,726,9,8114,11147,2,755.0,755,0.0,Optimal,1,505688,0,0,0
1910,brimkov-outp,../inputs/case3120sp.graphml,3120,3684,798,0,15870,14984,3,2328.0,2328,0.0,Optimal,1,300441,0,0,0
1911,brimkov-outp,../inputs/case118.graphml,118,179,11,2,515,352,3,37.0,37,0.0,Optimal,1,29542,0,0,0
1912,brimkov-outp,../inputs/case_ieee30.graphml,30,41,7,1,164,169,1,12.0,12,0.0,Optimal,1,5463,0,0,0
1913,brimkov-outp,../inputs/case1951rte.graphml,1951,2375,651,14,6068,12416,0,393.0,393,0.0,Optimal,1,276720,0,0,0
1914,brimkov-outp,../inputs/case_iceland118.graphml,189,203,110,6,690,1302,2,39.0,39,0.0,Optimal,1,25730,0,0,0
1915,brimkov-outp,../inputs/case145.graphml,145,422,71,8,995,2659,2,18.0,18,0.0,Optimal,363,921123,0,0,0
1916,brimkov-outp,../inputs/case3375wp.graphml,3374,4068,889,11,9399,14404,0,816.0,816,0.0,Optimal,1,813851,0,0,0
1917,brimkov-outp,../inputs/case5.graphml,5,6,0,2,16,7,0,2.0,2,0.0,Optimal,1,1709,0,0,0
1918,brimkov-outp,../inputs/case1888rte.graphml,1888,2308,681,0,10539,13956,4,1244.0,1244,0.0,Optimal,2365,5821802,0,0,0
1919,brimkov-outp,../inputs/case9.graphml,9,9,4,1,43,47,1,3.0,3,0.0,Optimal,1,2537,0,0,0
1920,brimkov-outp,../inputs/case_GBreduced29.graphml,29,50,0,0,158,58,2,29.0,29,0.0,Optimal,0,460,0,0,0
1921,brimkov-outp,../inputs/case2383wp.graphml,2383,2886,552,7,6614,9636,3,594.0,594,0.0,Optimal,1,352222,0,0,0
1922,brimkov-outp,../inputs/case30.graphml,30,41,7,6,88,123,4,6.0,6,0.0,Optimal,1,1765,0,0,0
1923,brimkov-outp,../inputs/case1354pegase.graphml,1354,1710,422,3,5427,6885,0,379.0,379,0.0,Optimal,2445,3094439,0,0,0
1924,brimkov-outp,../inputs/case_GB2224.graphml,2224,2804,1367,11,8557,19931,4,322.0,322,0.0,Optimal,2951,12795170,0,0,0
1925,brimkov-outp,../inputs/case118.graphml,118,179,11,9,276,297,3,29.0,29,0.0,Optimal,1,5957,0,0,0
1926,brimkov-outp,../inputs/case11_iwamoto.graphml,11,11,6,0,59,71,2,5.0,5,0.0,Optimal,1,1868,0,0,0
